0.000306748123,0.00776491463,6.26677455,1.9,2.4,3.6
0.000307750197,0.00776082817,19.2841014,1.9,2.4,3.6
0.000335834032,0.00775674219,158.752877,1.9,2.4,3.6
0.000317843576,0.00775265668,241.381253,1.9,2.4,3.6
0.000309,0.00774857166,262.573691,1.9,2.4,3.6
0.000315050564,0.00773631949,170.148139,1.9,2.4,3.6
0.000319823575,0.0077322364,217.499498,1.9,2.4,3.6
0.000331150903,0.00772407167,171.461911,1.9,2.4,3.6
0.000336854684,0.00771999004,254.241981,1.9,2.4,3.6
0.000348885794,0.00770774806,472.075003,1.9,2.4,3.67771587
0.000349866478,0.00769551049,287.199497,1.9,2.5,3.7
0.000349785455,0.00769143228,562.787539,1.9,2.5,3.7
0.000330618749,0.00767512438,1216.89764,1.97937504,2.5,3.8
0.000326816702,0.00767104864,1025.5752,2,2.5,3.8
0.000327595797,0.0076669734,1158.35738,2,2.5,3.8
0.000328208185,0.00765882441,1344.53396,2,2.5,3.9
0.000324175278,0.00765475066,1069.21955,2,2.5,3.9
0.000320581417,0.00765067742,614.101887,2,2.5,15.912294
0.000311917318,0.00764660467,426.02533,2,2.5,6.75680397
0.000310810342,0.00764253242,174.207998,2,2.5,3.9
0.000343496645,0.00763846068,82.0820968,2,2.5,3.9
0.000351,0.00763438944,137.634311,2,2.5,3.81855099
0.000321603694,0.00762463277,188.916566,2,2.5,3.8
0.000316462136,0.00758051919,187.306252,2,2.5,3.8
0.000358139297,0.00755848503,125.439426,2,2.5,3.8
0.000329268777,0.00751446264,65.9473577,1.91730661,2.5,3.8
0.000323658016,0.00749247468,68.7579264,1.9,2.5,3.8
0.000325662164,0.00747050238,80.5127784,1.9,2.5,3.8
0.0003693241,0.0074485459,101.767545,1.9,2.5,3.8
0.000339579432,0.00742660537,143.358975,1.98352297,2.5,3.8
0.00033869843,0.00740468092,130.671219,2,2.5,3.8
0.000375253862,0.00738277272,90.8849989,2,2.5,3.8
0.000355915,0.00736088089,124.493823,2,2.5,3.8
0.000352687051,0.00733900559,181.213189,2,2.5,3.8
0.000365665572,0.00725167264,332.904784,2,2.5,3.8
0.000323288061,0.00720810925,167.522373,2,2.5,3.8
0.000358179777,0.00718635388,146.868228,2,2.5,3.8
0.000343842079,0.00712119497,67.7895613,2,2.5,3.7
0.000312613754,0.00709951162,25.3863623,2,2.5,3.7
0.000308736826,0.00707784669,5.69327862,2,2.5,3.7
0.000307259026,0.00705620034,8.85069353,2,2.5,3.7
0.000343647566,0.00703457276,67.0345198,2,2.5,3.7
0.000305123291,0.00699137457,95.0680748,1.9,2.4123291,3.6
0.000302363651,0.00696980432,55.8268583,1.9,2.4,3.6
0.000336200167,0.0069267224,22.0828639,1.9,2.4,3.6
0.000343655015,0.0069052111,28.2981442,1.9,2.4,3.6
0.000346661237,0.00688371982,72.3455823,1.9,2.4,3.6
0.000363476874,0.00679795866,485.347091,1.9,2.4,3.5
0.000371179589,0.00677657034,480.690906,1.9,2.4,3.5
0.000376497613,0.00675520319,405.285507,1.9,2.4,3.5
0.00037159042,0.00673385743,224.927338,1.9,2.4,3.5
0.000377325694,0.00671253326,102.643574,1.9,2.4,3.5
0.000374907818,0.00666995049,18.4517929,1.9,2.4,3.5
0.000372270323,0.00664869232,133.867782,1.9,2.4,3.5
0.00035791404,0.00660624347,370.272136,1.9,2.4,3.5
0.000353419428,0.00658506526,300.391846,1.9,2.4,3.5
0.000350252961,0.00656393904,207.813233,1.9,2.30843204,3.5
0.000314314389,0.00654789883,186.267966,1.9,2.3,3.5
0.000339344903,0.00653897846,167.956484,1.9,2.3,3.40856483
0.000310020928,0.0065300623,62.7021221,1.9,2.3,3.4
0.000303347905,0.00652115035,17.9959687,1.9,2.3,3.4
0.00030117528,0.00651224263,1.98819755,1.9,2.3,3.4
0.000301,0.00650333917,48.451698,1.9,2.3,3.4
0.000331064056,0.00649443998,100.716974,1.9,2.3,3.4
0.000304868222,0.00648554508,242.507845,1.9,2.3,3.4
0.000302,0.00647665448,287.194657,1.9,2.3,3.4
0.000308363281,0.0064677682,724.429407,1.9,2.3,3.4
0.000337096271,0.00639683575,598.612432,1.9,2.3,3.5
0.000328872418,0.00638798919,236.275139,1.9,2.3,3.5
0.000322585595,0.00637914714,187.23415,1.9,2.3,3.5
0.000316398364,0.0063526482,120.58453,1.9,2.3,3.5
0.00031420051,0.00634382435,151.916087,1.9,2.3,3.5
0.000309504595,0.0063350051,138.013791,1.9,2.3,3.4100919
0.000304507915,0.00632619048,80.2862666,1.9,2.3,3.4
0.000302204494,0.00631738049,70.4697852,1.9,2.3,3.4
0.000296,0.00628218731,49.2451337,1.8,2.21049026,3.4
0.000294211133,0.00627340081,70.5529672,1.8,2.2,3.31055666
0.000294,0.00626461907,46.9644945,1.8,2.2,3.3
0.000297572422,0.0062558421,26.9099255,1.8,2.2,3.3
0.000318237796,0.00622954005,93.6111831,1.8,2.2,3.3
0.000325233149,0.00622078239,144.875215,1.8,2.2,3.3
0.000366930149,0.00621202961,206.783202,1.8,2.2,3.3
0.000375203692,0.00619453877,343.197485,1.8,2.2,3.3
0.000334799385,0.00615961653,625.46406,1.8,2.2,3.4
0.000311464759,0.00613347754,397.225451,1.8,2.21161896,3.4
0.000307467414,0.0061247747,231.292877,1.8,2.2,3.4
0.000300472726,0.00611218295,118.688892,1.8,2.2,3.4
0.000298237691,0.00611605328,88.1652945,1.8,2.2,3.31188454
0.000297119509,0.00611992462,51.1348179,1.8,2.2,3.3
0.000293362512,0.00612767036,5.36997125,1.8,2.2,3.3
0.000293,0.00613154475,1.8337592,1.8,2.2,3.3
0.000290368487,0.00613929655,0.301855001,1.8,2.2,3.21228291
0.000322430759,0.00614317396,20.7840891,1.7123493,2.1123493,3.2
0.000294593807,0.00614705237,8.00240934,1.7,2.1,3.2
0.000290875179,0.00615093179,22.1042784,1.7,2.1,3.2
0.000291874515,0.0061548122,40.7443942,1.7,2.1,3.2
0.000297243107,0.00615869362,59.38451,1.7,2.1,3.2
0.000300619562,0.00616257603,78.0246258,1.7,2.1,3.11268127
0.000301,0.00616645943,61.2293874,1.7,2.1,3.1
0.000306231156,0.00617034383,107.018724,1.7,2.1,3.1
0.000315711955,0.00617422922,172.37328,1.7,2.1,3.1
0.000321352658,0.00617811559,399.248367,1.7,2.1,3.18705315
0.000324609603,0.00618200296,597.689431,1.7,2.1,3.2
0.000329346018,0.00618589131,710.839781,1.7,2.1,3.2
0.00033,0.00619367095,536.432292,1.7,2.1,3.2
0.000322195094,0.00619756224,432.053999,1.7,2.1,3.2
0.000316667261,0.00620145451,448.735243,1.7,2.1,3.2
0.000313402348,0.00620534776,440.558212,1.7,2.1,3.2
0.0003086739,0.00620924198,349.33256,1.7,2.1,3.2
0.000298683859,0.00622093047,126.112286,1.7,2.1,3.2
0.000304037949,0.00622482857,193.13525,1.7,2.1,3.2
0.000303276199,0.00622872763,252.010038,1.7,2.1,3.11380997
0.000300416291,0.00623262766,205.324887,1.7,2.1,3.1
0.0003,0.00623652864,163.413541,1.7,2.1,3.1
0.000298280183,0.00624043059,122.465588,1.7,2.1,3.1
0.000296281511,0.00624433349,43.8490293,1.7,2.01407555,3.1
0.000295141419,0.00624823735,14.1645542,1.61414195,2,3.1
0.000294142083,0.00625214217,2.73804642,1.6,2,3.1
0.000293,0.00625995465,12.7597263,1.6,2,3.01434113
0.000295567774,0.00626386232,20.9480716,1.6,2,3
0.000307266345,0.00627950244,99.576468,1.6,2,3
0.00030970521,0.00628341482,87.6314217,1.6,2,3
0.000310851941,0.00628732814,123.613492,1.6,2,3
0.000313553832,0.0062912424,144.959915,1.6,2,3
0.000342122129,0.00630299077,112.973115,1.6,2,3
0.000313206522,0.00630414046,88.755806,1.6,2,3
0.000306152043,0.00630012396,120.056189,1.6,2,3
0.000305152706,0.00629610844,139.330292,1.6,1.91527065,3
0.00030415337,0.00629209389,162.956537,1.6,1.9,3
0.000294472062,0.00626802734,39.0265158,1.6,1.9,2.9
0.000294,0.00626401971,21.0193062,1.6,1.9,2.9
0.00029651997,0.00625200281,393.460233,1.6,1.9,2.9
0.000300357305,0.00624799918,468.350658,1.6,1.9,2.9
0.000301838662,0.00624399655,1044.36179,1.6,1.9,2.9
0.000307349338,0.0062359943,1745.92863,1.6,1.9,2.9
0.000309673341,0.00623199469,1710.41095,1.6,1.9,2.9
0.000315016039,0.0062279961,1240.68552,1.6,1.9,2.9
0.000323,0.00622000194,905.866249,1.6,1.9,2.9
0.000323,0.00621600638,500.340278,1.6,1.9,2.98340147
0.000315505819,0.00620801833,319.504272,1.6,1.9,3
0.000330248456,0.00619604393,551.311421,1.6,2,4.5406758
0.000325,0.00619205452,554.358861,1.6,2,3
0.000349881012,0.00618806614,433.823277,1.6,2,3
0.000326824093,0.00618407879,382.534694,1.6,2,3.08287031
0.000314375686,0.00618009248,364.086663,1.6,2,3.1
0.000304695811,0.00616813976,372.779362,1.6,2,3.1
0.000300698466,0.0061641576,168.23848,1.6,2,3.1
0.000297525842,0.00616017649,80.6799115,1.6,2,3.1
0.000295351889,0.00615619643,27.3915374,1.6,2,3.1
0.000295,0.00615221741,9.77844659,1.6,2,3.01766084
0.0003016428,0.00614028667,159.528132,1.6,2,3
0.000303641472,0.00613631187,241.687361,1.6,2,3
0.000305640144,0.00613233813,259.620675,1.6,2,3
0.000306,0.00612836545,637.745849,1.6,2,3
0.000312549952,0.00612439383,655.901788,1.6,2,3
0.000320633504,0.00611248537,157.561547,1.6,2,3
0.000321,0.00610851802,113.841005,1.6,2,3
0.000317738303,0.00610852235,156.503205,1.6,2,3
0.000327436314,0.00615165163,285.753691,1.6,2,3.08121046
0.000326377119,0.00616029244,534.871408,1.6,2,3.1
0.000324378447,0.00616893818,803.983079,1.6,2,3.1
0.000319949436,0.00617758883,868.634187,1.6,2,3.1
0.000314952756,0.00618624438,805.678048,1.6,2,3.1
0.000299577629,0.00621224018,289.429241,1.6,2,3.1
0.000298193207,0.00622091509,211.190119,1.6,2,3.1
0.000296387742,0.0062295948,471.980809,1.6,2,3.1
0.000296,0.00623827927,687.94864,1.6,2,3.1
0.000296804801,0.0062469685,879.676634,1.6,2,3.1
0.000299,0.0062730645,208.175066,1.6,2,3.1
0.000299802145,0.00628177254,129.250129,1.6,2,3.1
0.000308394485,0.00633411783,9.19346704,1.6,2,3
0.000316187336,0.00635160277,127.732919,1.6,2,3
0.000333364048,0.00636910572,443.850942,11.6233758,2,3.0795506
0.000348380543,0.00639539359,716.087904,1.7,2,3.1
0.000343450048,0.00640416506,650.429988,1.7,2,3.1
0.000336454696,0.00641294091,707.811423,1.7,2,3.17921863
0.000327876299,0.00642172115,558.24238,1.7,2.07915224,3.2
0.000364752063,0.00643050573,478.170651,1.7,2.1,3.2
0.000321266776,0.00643929466,346.526424,1.7,2.1,3.2
0.000303841878,0.00644808791,270.063673,1.7,2.1,3.2
0.0003006334,0.00645688545,221.813365,1.7,2.1,3.2
0.000299211797,0.00646568729,122.058785,1.7,2.1,3.2
0.000296639376,0.00648330374,55.2259282,1.7,2.1,3.2
0.000293428906,0.00650093713,19.4836481,1.7,2.1,3.12144531
0.000291430234,0.00650976013,4.73972476,1.7,2.02151171,3.1
0.000291783555,0.00652741865,2.3962817,1.62164449,2,3.1
0.000296564454,0.00654052384,6.72719196,1.6,2,3.1
0.000302342698,0.00652585023,102.432901,1.6,2,3.02191007
0.000306120941,0.00651851771,243.710341,1.6,2,3
0.000310557815,0.00650386129,201.98799,1.6,2,3
0.000324553375,0.00648921644,122.722938,1.6,2,3
0.000329330747,0.00648189837,230.105501,1.6,2,3.07769156
0.000339125381,0.00645996174,429.224858,1.6,2,3.1
0.00033567722,0.00645265541,380.204672,1.6,2,3.1
0.000326490445,0.00644535205,331.623482,1.6,2,3.1
0.000315497748,0.00643805165,247.077042,1.6,2,3.1
0.000308366392,0.00643075424,262.123916,1.6,2,3.1
0.000297689171,0.00640887998,130.227707,1.6,2,3.1
0.000294,0.00639431222,62.9706144,1.6,2,3.1
0.000293231716,0.00638703291,25.6867522,1.6,2,3.1
0.000291464759,0.00637975664,134.30063,1.6,2,3.02323796
0.000291766956,0.00637248344,270.743213,1.6,2,3
0.000292,0.00636521331,317.853335,1.6,2,3
0.000292765629,0.00635794626,285.449043,1.6,2,3
0.000294529929,0.00635068231,253.567794,1.6,2,3
0.000297292902,0.00634342146,126.064262,1.6,2,3
0.000302581821,0.00633616373,223.889528,1.6,2,3
0.000307814864,0.00632890913,455.05645,1.6,2,3
0.000311286927,0.00632165766,494.896132,1.6,2,3
0.000317760981,0.00630716418,366.545947,1.6,2,3
0.000319520634,0.00629992219,308.65565,1.6,2,3
0.000323038613,0.00629268338,220.885815,1.6,2,3
0.000323241011,0.00628544776,164.245584,1.6,2,3
0.000315462,0.00625653742,48.8381395,1.6,2,3
0.000310221653,0.00624931792,30.7952717,1.6,2,3
0.000305224972,0.00624210169,63.9177319,1.6,2,3
0.000300982634,0.00623488872,83.3952031,1.6,2,3
0.000296985289,0.00622767904,111.965813,1.6,2,3
0.000290496628,0.00620606979,29.5221825,1.6,1.9,2.9
0.000293755109,0.00619887334,7.79928,1.6,9.18491217,2.9
0.000295,0.00619168023,253.161659,1.6,4.32152807,2.9
0.000296499388,0.00618449048,602.276421,1.6,1.9,2.9
0.00029999612,0.00617486105,1135.96142,1.6,1.9,11.9632636
0.000316491421,0.00609013914,1674.07232,1.6,2,3
0.000317,0.00607325321,1336.02266,1.6,2,3
0.000322210677,0.00605638715,768.485121,1.6,2,3
0.000311545656,0.00600590981,280.9008,1.6,2,3
0.00031,0.00598912489,390.389243,1.6,2,3
0.000311482125,0.00597236068,439.584964,1.6,2,3
0.000310519202,0.00595561736,488.954714,1.6,2,3
0.000307041061,0.0059388951,364.619033,1.6,2,3
0.000297786771,0.00588885652,163.380949,1.6,2,3
0.000295525842,0.00587222033,94.7608953,1.6,1.92629209,3
0.00029352717,0.00585560612,29.3255385,1.6,1.9,3
0.000291528498,0.00583901406,15.5021238,1.6,1.9,2.92642488
0.000291735087,0.00582244437,20.7886116,1.6,1.9,2.9
0.000291,0.00578937279,16.3415328,1.6,1.9,2.9
0.000293932382,0.00577287131,73.2495538,1.52669046,1.9,2.9
0.000295732431,0.00575639295,334.842555,1.5,1.9,2.9
0.000298195303,0.00573993793,304.178083,1.5,1.9,2.9
0.000299731104,0.00572350643,272.226728,1.5,1.9,2.9
0.000301460879,0.00570709867,140.918052,1.5,1.9,2.82695603
0.000303459551,0.00569071485,37.4858222,1.5,1.9,2.8
0.000303270888,0.00567435517,44.4292376,1.5,1.9,2.8
0.000305185343,0.00565801985,62.1471073,1.5,1.9,2.8
0.000304544432,0.0056417091,62.837537,1.5,1.9,2.8
0.00030254576,0.00562542313,62.3502921,1.5,1.9,2.8
0.000300547088,0.00560916215,62.8179814,1.5,1.9,2.8
0.000299274208,0.00559292639,63.2856707,1.5,1.82742079,2.8
0.000298274872,0.00557671607,63.75336,1.5,1.8,2.8
0.000297275536,0.0055605314,64.2210492,1.5,1.8,2.8
0.0002977238,0.00554437261,47.6085006,1.5,1.8,2.8
0.000298,0.00552823994,28.9122203,1.5,1.8,2.72768637
0.000298,0.0055121336,20.1011735,1.5,1.8,2.7
0.000298,0.00549605383,14.431607,1.5,1.8,2.7
0.000292,0.00543200518,2.10326931,1.5,1.8,2.7
0.000291281511,0.00541606182,2.05294209,1.5,1.8,2.7
0.00028956435,0.00540014646,0.634894311,1.5,1.8,2.62821752
0.000289717161,0.00538425937,0,1.5,1.8,2.6
0.000289283503,0.00536840078,10.1718672,1.5,1.72835031,2.6
0.000294143515,0.00537375585,24.4630072,1.4,1.7,2.6
0.000296427682,0.00538178687,14.2575595,1.4,1.7,2.6
0.000297713177,0.0053898252,11.2442665,1.4,1.7,2.6
0.000298,0.00539787082,5.47965673,1.4,1.7,2.6
0.000299423699,0.0054059237,56.8600506,1.4,1.7,2.6
0.000301289479,0.00542205108,75.9367094,1.4,1.7,2.52894786
0.000298290807,0.0054382071,6.52372843,1.4,1.7,2.5
0.000298,0.00544629576,0.387441133,1.4,1.7,2.5
0.000324898893,0.00545439148,0.0876403158,1.4,1.7,2.5
0.00030629753,0.00546249423,166.657378,1.4,1.7,2.5
0.000297526049,0.00548684436,873.160489,1.4,1.7,2.5
0.000297590908,0.00549497493,1261.36657,1.4,1.7,2.5
0.000299111646,0.00550311237,1244.61043,1.4,1.7,2.5
0.000298810216,0.00551940775,1143.08212,1.4,1.7,2.5
0.000310180884,0.00554390164,709.828458,1.4,1.7,2.6
0.000299300102,0.0055520797,393.961746,1.4,1.7,2.6
0.000297601531,0.00556026443,157.367402,1.4,1.7,2.6
0.000295602859,0.00556845579,164.924117,1.4,1.7,2.6
0.000293604187,0.00557665376,190.924567,1.4,1.7,2.53020935
0.000295091728,0.00558485831,153.998993,1.4,1.7,2.5
0.000297393157,0.00559306941,82.7690517,1.4,1.7,2.5
0.000300783659,0.00560128702,55.1455706,1.4,1.7,2.5
0.000306389174,0.0056177417,484.769488,1.4,1.7,2.5
0.000311163537,0.00562597871,680.441811,1.4,1.7,2.5
0.000313693259,0.00563422212,602.707782,1.4,1.7,2.56932589
0.000313307405,0.00564247191,491.186959,1.4,1.7,2.6
0.000320349318,0.00565899052,167.665499,1.4,1.7,2.6
0.000297687947,0.00570039672,107.310631,1.4,1.7,2.6
0.000298687283,0.00570869655,157.098942,1.4,1.7,2.6
0.000299686619,0.0057170025,230.722863,1.4,1.7,2.6
0.000299366599,0.00575862334,147.663573,1.4,1.7,2.5
0.000298636056,0.0057479681,286.903012,1.4,1.7,2.5
0.000295956076,0.00573321528,232.475319,1.4,1.7,2.5
0.000296361288,0.00571848145,171.761085,1.4,1.7,2.5
0.00029632002,0.00570376679,167.602107,1.4,1.7,2.5
0.000298037948,0.00568907142,198.141184,1.4,1.7,2.5
0.000317386621,0.00564510263,188.972131,1.4,1.7,2.5
0.000320353321,0.00563048598,212.286493,1.4,1.7,2.5
0.000343610638,0.00560131304,270.603336,1.4,1.7,2.5
0.000353325332,0.00558675706,316.362679,1.4,1.7,2.5
0.000327387827,0.00557222161,364.334296,1.4,1.7,2.5
0.000312306638,0.00555770687,283.169567,1.4,1.7,2.5
0.000305639879,0.00552873998,87.754854,1.4,1.7,2.5
0.000299300478,0.00551428832,52.7257398,1.4,1.7,2.5
0.000295658607,0.00549985802,22.011146,1.4,1.7,2.5
0.000293659935,0.00548544925,21.7997801,1.4,1.7,2.5
0.000294,0.00544235383,36.658472,1.4,1.7,2.5
0.000293332623,0.00542803289,27.6691153,1.4,1.7,2.5
0.000315668233,0.00541373435,9.2290779,1.4,1.7,2.5
0.000303688292,0.00539945838,1.54094533,1.4,1.63339512,2.5
0.000292665385,0.00538520516,1.84176953,1.4,1.6,2.5
0.000296011813,0.00532842346,50.2044531,1.4,1.6,2.43372709
0.000294337935,0.00531428675,189.085968,1.4,1.6,2.4
0.000295322802,0.00530017391,380.684511,1.4,1.6,2.46614012
0.000296660737,0.00528608512,555.068653,1.4,1.6,2.5
0.000303318819,0.00525798048,422.534362,1.4,1.6,2.5
0.000304658745,0.00524396502,323.35847,1.4,1.6,2.5
0.000305,0.0052299744,217.765014,1.4,1.6,2.5
0.000304342582,0.00521600881,103.436693,1.4,1.6,2.5
0.000296689149,0.0051742643,5.83711187,1.4,1.6,2.43445743
0.000296,0.00516040089,2.11631026,1.4,1.6,2.4
0.000294037706,0.00514656355,0,1.4,1.6,2.4
0.000291693132,0.00513275248,0,1.4,1.6,2.4
0.00029,0.00509147905,5.11121321,1.4,1.6,2.4
0.000291,0.00505593291,5.80474967,1.4,1.6,2.4
0.000291,0.00505893145,14.8813487,1.4,1.6,2.4
0.000291,0.00506193132,13.4738065,1.4,1.6,2.4
0.000291,0.00506493252,4.60469903,1.4,1.6,2.4
0.000292644803,0.00507394412,2.70391321,1.3,1.53551974,2.3
0.000293644139,0.00507695063,23.9984793,1.3,1.5,2.3
0.000294643475,0.00507995846,27.9567344,1.3,1.5,2.3
0.000297715706,0.00508597808,7.78156942,1.3,1.5,2.3
0.000311393798,0.00509501736,0,1.3,1.5,2.3
0.000296360509,0.00509803307,3.64509932,1.3,1.5,2.3
0.000295361173,0.00510105009,2.05868516,1.3,1.5,2.3
0.000295,0.00510406841,0,1.3,1.5,2.3
0.000294362501,0.00510708802,0,1.3,1.5,2.3
0.000293,0.00511615465,17.0937787,1.3,1.5,2.23644925
0.000293,0.00511917944,27.5385061,1.3,1.5,2.2
0.00029236582,0.00512220553,37.9832335,1.3,1.5,2.2
0.000292,0.00512523289,48.4279608,1.3,1.5,2.2
0.000290371796,0.00514949787,0,1.3,1.4,2.2
0.000292,0.00515861818,9.33895244,1.3,1.4,2.2
0.000292,0.00516166081,12.1962674,1.23744517,1.4,2.2
0.000292624884,0.00516470469,14.649246,1.2,1.4,2.2
0.000294,0.00517079622,88.4381431,1.2,1.4,2.1
0.000294,0.00517384386,189.241171,1.2,1.4,2.1
0.000294622229,0.00517689275,290.044199,1.2,1.4,2.1
0.000295,0.00518604688,57.0235457,1.2,1.4,2.1
0.000293760854,0.00518910074,10.0284419,1.2,1.4,2.1
0.000292381091,0.00519215584,4.80600109,1.2,1.4,2.1
0.000292,0.00519521217,1.03455619,1.2,1.4,2.1
0.000292,0.00520132852,16.7246216,1.2,1.4,2.1
0.000312952606,0.00520420486,99.544392,1.2,1.4,2.1
0.00029622985,0.00520716946,323.189082,1.2,1.4,2.1
0.000298228523,0.00520865219,500.395161,1.2,1.4,2.1
0.000335,0.00521755459,161.656236,1.2,1.4,2.2
0.000334390386,0.00521903932,62.7109235,1.2,1.4,2.2
0.000300430487,0.00522349523,79.8867502,1.2,1.4,2.2
0.000302,0.00522498111,51.6103188,1.2,1.4,2.2
0.000315619839,0.0052279537,54.5138043,1.2,1.4,2.2
0.000303,0.00522944043,59.0908349,1.2,1.4,2.2
0.000303,0.00523092743,44.534377,1.2,1.4,2.2
0.000322920061,0.00523241473,25.0904485,1.2,1.4,2.2
0.000336,0.0052339023,15.3213658,1.2,1.4,2.2
0.000333590759,0.00523539015,14.6249179,1.2,1.4,2.2
0.000309739084,0.00523687829,14.8143176,1.2,1.4,2.2
0.000295,0.00523836671,12.5791359,1.2,1.4,2.2
0.000295,0.00523985542,10.3439543,1.2,1.4,2.2
0.000298196653,0.00524432321,247.925861,1.2,1.4,2.2
0.000303781302,0.00524581304,373.852967,1.2,1.4,2.2
0.000312372989,0.00524730315,415.760408,1.2,1.4,2.25969988
0.000318385339,0.00524879354,487.102678,1.2,1.45963348,2.3
0.000322978355,0.00525028421,453.057874,1.2,1.5,2.3
0.000318625284,0.0052547579,174.05457,1.25936791,1.5,2.3
0.00031581397,0.00525624969,109.304824,1.3,1.5,2.3
0.000309668839,0.00525774175,62.182032,1.3,1.5,2.3
0.000327892428,0.0052592341,38.5094847,1.3,1.5,2.3
0.000318768044,0.00526072673,43.1743263,1.3,1.5,2.3
0.000301589695,0.00526371281,119.581877,1.3,1.5,2.3
0.000302,0.00526520627,125.521147,1.3,1.5,2.3
0.000301411632,0.00526670001,71.2328254,1.3,1.5,2.3
0.000299824593,0.00526819402,25.9185475,1.3,1.5,2.3
0.000320720467,0.00526968831,18.0833831,1.3,1.5,2.3
0.000312544972,0.00527118288,10.2270095,1.3,1.5,2.3
0.000295414288,0.00527267773,1.3739993,1.3,1.5,2.3
0.000289416944,0.00527928739,3.95895024,1.3,1.5,2.3
0.000289582392,0.00528833477,10.7444421,1.3,1.5,2.3
0.000291163456,0.00529739216,26.4129222,1.3,1.5,2.3
0.000296902001,0.00531553676,60.7189306,1.24195998,1.5,2.3
0.000302478418,0.00532462387,81.8122273,1.25797363,1.5,2.3
0.000305579072,0.00533372078,99.2695362,1.3,1.5,2.3
0.000307156817,0.00534282745,90.5204538,1.3,1.5,2.3
0.000331109778,0.00535194383,74.3705547,1.3,1.5,2.3
0.000349154161,0.00536106987,53.8593991,1.3,1.5,2.3
0.000326943337,0.00537020551,53.2833635,1.3,1.5,2.3
0.000307274734,0.00538850542,18.7628853,1.3,1.5,2.3
0.000316902046,0.00540684317,15.348629,1.3,1.5,2.3
0.000312247549,0.00542521839,46.9813874,1.3,1.5,2.3
0.000296571769,0.00543441993,65.4191376,1.3,1.5,2.3
0.000297571105,0.00544363069,151.161616,1.3,1.5,2.3
0.000297429559,0.00545285063,287.371121,1.3,1.5,2.3
0.000298139554,0.0054620797,417.233308,1.3,1.5,2.3
0.000299569113,0.00547131785,466.942547,1.3,1.5,2.3
0.000299431551,0.00548056504,439.434895,1.3,1.5,2.3
0.000299567785,0.00548982122,354.521829,1.3,1.5,2.3
0.0003,0.00549908635,232.807609,1.3,1.5,2.3
0.00029773417,0.00550836039,132.589954,1.3,1.5,2.3
0.000294868413,0.00551764328,88.8938865,1.3,1.5,2.3
0.000292,0.00553623545,28.5685326,1.3,1.5,2.24355344
0.000292,0.00554554464,16.7455735,1.3,1.5,2.2
0.000292,0.00555486252,13.7798726,1.3,1.5,2.2
0.000293124948,0.00556418903,34.4452029,1.3,1.5,2.2
0.000294,0.00557352413,77.2969505,1.3,1.5,2.2
0.000314762398,0.00558286779,78.9294482,1.3,1.5,2.2
0.000295,0.00560158058,14.2457563,1.3,1.5,2.2
0.000295,0.00561094962,0,1.3,1.5,2.2
0.000295,0.00562032705,0,1.3,1.5,2.2
0.000304553843,0.00568620021,427.195355,1.3,1.5,2.2
0.000305553179,0.00569564319,641.226666,1.3,1.5,2.2
0.000306,0.00570509418,696.538316,1.3,1.5,2.2
0.000324211073,0.00571455315,742.559692,1.3,1.5,2.2
0.000319157277,0.00572402005,749.312184,1.3,1.5,2.2
0.000321167253,0.00573349484,613.037114,1.3,1.5,2.2
0.00029890161,0.00575278225,246.673443,1.3,1.5,2.2
0.000295,0.00577238669,14.9437779,1.3,1.5,2.2
0.000292811188,0.00578220122,12.1781154,1.3,1.5,2.2
0.000291,0.00580185467,6.64679032,1.3,1.5,2.2
0.000291,0.00581169352,18.6531731,1.3,1.5,2.2
0.000292087767,0.00583139524,67.2742034,1.3,1.5,2.2
0.000293,0.00584125804,72.7748396,1.3,1.44567805,2.2
0.000293458108,0.0058610073,52.1885168,1.3,1.4,2.2
0.000293541228,0.00587089369,41.8953555,1.3,1.4,2.2
0.000294,0.00588078786,31.6021941,1.3,1.4,2.2
0.0002945399,0.00589068978,21.3090327,1.3,1.4,2.2
0.000293921528,0.0059005994,57.2984798,1.3,1.4,2.2
0.000295075816,0.00592044161,177.038654,1.3,1.4,2.2
0.000296,0.00593037411,189.316936,1.3,1.4,2.2
0.000315853461,0.00594031417,169.979347,1.3,1.4,2.2
0.000313707021,0.00595026175,138.751177,1.3,1.4,2.2
0.000297535252,0.0059602168,108.27844,1.3,1.4,2.2
0.000298,0.00597017929,49.1235562,1.3,1.4,2.2
0.000298,0.00598014918,9.21699923,1.3,1.4,2.14660757
0.000296467404,0.00600011103,0.222066326,1.3,1.4,2.1
0.000294404203,0.00601010291,0.132126081,1.3,1.4,2.1
0.000292468732,0.00602010204,0.042185836,1.24687315,1.4,2.1
0.000290408186,0.0060301084,0,1.2,1.4,2.1
0.000289,0.00604012193,0,1.2,1.4,2.1
0.000289,0.00605014262,0,1.2,1.4,2.1
0.000290585838,0.00606017042,2.02194365,1.2,1.4,2.1
0.000295,0.00610035203,745.710968,1.2,1.4,2.1
0.000295525293,0.00611041487,937.958242,1.2,1.4,2.1
0.000297049258,0.00612048461,1240.78945,1.2,1.4,2.1
0.000298,0.00613056122,1277.30965,1.2,1.4,2.1
0.000297,0.00624177543,652.383862,1.3,1.4,2.2
0.000297,0.00624758915,793.563398,1.3,1.4,2.2
0.000297,0.006253405,737.613986,1.3,1.4,2.2
0.00029648533,0.00625922295,496.520831,1.3,1.4,2.2
0.000292973316,0.00627086517,109.848653,1.2,1.4,2.2
0.000290974644,0.00627668943,66.6458222,1.2,1.4,2.2
0.000289487986,0.00628251577,36.5431972,1.2,1.4,2.2
0.000289,0.00628834419,11.0728041,1.2,1.4,2.2
0.000290021373,0.00629417469,12.2105088,1.2,1.4,2.2
0.000310890871,0.00630000726,36.1046339,1.2,1.4,2.2
0.000328434722,0.00631167859,134.984016,1.2,1.4,2.2
0.000342506703,0.00632920097,324.917827,1.2,1.5,2.2
0.000304494625,0.00634089274,370.926312,1.3,1.5,2.2
0.000303495289,0.00634674167,344.572707,1.3,1.5,2.2
0.000301487859,0.00635259262,268.97779,1.3,1.5,2.2
0.000297986468,0.00635844558,189.410653,1.3,1.5,2.2
0.000296,0.00636430055,109.843516,1.3,1.5,2.2
0.000295497945,0.00637015752,37.9076155,1.3,1.5,2.2
0.000295,0.00637601649,5.78537619,1.3,1.5,2.2
0.000296,0.00639360532,5.51855347,1.25006007,1.5,2.2
0.000296,0.00639947223,5.42961256,1.2,1.5,2.2
0.000295501929,0.0064053411,5.34067165,1.2,1.5,2.2
0.000294005185,0.00641121194,5.25173074,1.2,1.45025926,2.2
0.000293,0.00641708474,5.16278983,1.2,1.4,2.15032565
0.00029250392,0.00642295949,5.07384892,1.2,1.4,2.1
0.000291504584,0.00642883619,4.98490801,1.2,1.4,2.1
0.00030881106,0.00643471483,11.3816665,1.2,1.4,2.1
0.00030970693,0.00644059541,25.3861383,1.2,1.4,2.1
0.000293480271,0.00644647792,37.2235759,1.2,1.4,2.1
0.00029549276,0.00645236236,51.750418,1.2,1.4,2.1
0.000296984192,0.00645824872,69.2177616,1.2,1.4,2.1
0.000298982864,0.006464137,73.7959248,1.2,1.4,2.1
0.000300981536,0.00647002719,75.2709741,1.2,1.4,2.1
0.000301509896,0.00647591929,82.7421608,1.2,1.4,2.1
0.00030246832,0.00648181328,70.6898908,1.2,1.4,2.1
0.000303022448,0.00648770917,38.7130293,1.2,1.4,2.1
0.000298026431,0.00650540817,7.31086953,1.2,1.4,2.1
0.000294029087,0.00651721689,1.79575696,1.2,1.4,2.1
0.000293,0.00652312405,0,1.2,1.4,2.1
0.000292031743,0.00652903307,0,1.2,1.4,2.1
0.000291,0.00653494394,0,1.2,1.4,2.1
0.000291,0.00653435759,0,1.2,1.4,2.1
0.00030883906,0.00653366194,0,1.2,1.4,2.1
0.000310666979,0.00653296632,0,1.2,1.4,2.1
0.000309309119,0.00653227073,4.41382536,1.2,1.4,2.05191911
0.000310714783,0.00653157516,30.1779377,1.2,1.4,2
0.000292479481,0.00653087962,73.8814019,1.2,1.4,2
0.000293478817,0.00653018411,117.584866,1.2,1.4,2
0.000293521847,0.00652948862,161.28833,1.2,1.4,2
0.000292522511,0.00652879315,124.060964,1.2,1.4,2
0.000290523839,0.0065274023,15.2829951,1.2,1.4,2
0.00029,0.00652670691,1.80688983,1.2,1.4,2
0.000290949667,0.00652601155,5.60436685,1.2,1.4,2
0.000292,0.00652531622,33.4722651,1.2,1.4,2
0.000292473505,0.00652462091,87.9993715,1.2,1.4,2
0.000292527158,0.00652392562,142.526478,1.2,1.4,2
0.000294360888,0.00652323036,297.243378,1.2,1.4,2
0.000298941699,0.00652183992,560.467637,1.2,1.4,2
0.0003,0.00652114474,492.118108,1.2,1.4,2
0.000299531142,0.00651975446,296.795215,1.2,1.4,2
0.000298531806,0.00651905935,174.082261,1.2,1.4,2
0.000300931076,0.0065162792,862.483265,1.2,1.4,2.1
0.000296702186,0.00651002535,162.054834,1.2,1.4,2.1
0.000292164405,0.00650933061,50.6893453,1.2,1.4,2.1
0.000289541765,0.0065086359,7.12834136,1.2,1.4,2.1
0.000305472552,0.00650794121,0.498269652,1.2,1.4,2.1
0.00030855135,0.00650724654,21.2363256,1.2,1.4,2.1
0.000289456243,0.0065065519,65.8466872,1.2,1.4,2.1
0.000290911158,0.00650585729,110.457049,1.2,1.4,2.1
0.000310196604,0.00650516271,155.06741,1.2,1.4,2.1
0.000332454251,0.00650446815,198.110605,1.2,1.4,2.1
0.000334360762,0.00650377361,245.555441,1.2,1.4,2.1
0.000310472299,0.00650238462,343.906684,1.2,1.4,2.1
0.000296350803,0.00650030133,265.870491,1.2,1.4,2.1
0.000298449604,0.00649048198,166.147832,1.2,1.4,2.1
0.000301244698,0.00648019021,191.107889,1.2,1.4,2.14489396
0.000304,0.00646990422,382.971001,1.2,1.4,2.2
0.000304,0.00645962404,577.494035,1.2,1.4,2.2
0.000303553052,0.0064493497,781.048797,1.2,1.4,2.2
0.000303446284,0.00643908121,910.27052,1.2,1.4,2.2
0.000330671108,0.00638782775,840.114957,1.2,1.5,2.2
0.000291675091,0.00636736841,368.060582,1.2,1.5,2.2
0.000289118055,0.00635714786,132.033395,1.2,1.5,2.2
0.000302970485,0.00634693344,0,1.2,1.5,2.2
0.000307052089,0.00633672516,0,1.2,1.5,2.2
0.00028843898,0.00632652307,0,1.2,1.45610195,2.2
0.000289,0.0063163272,0,1.2,1.4,2.2
0.000289437653,0.00630613756,0,1.2,1.4,2.2
0.000314561535,0.00628577714,0.940792691,1.2,1.4,2.2
0.000292130006,0.00626544205,21.7437235,1.2,1.4,2.15650032
0.000291,0.00625528408,7.26619472,1.2,1.4,2.1
0.000291,0.00624513254,4.08491261,1.2,1.4,2.1
0.000314815275,0.00623498746,15.2574704,1.2,1.4,2.1
0.000340379566,0.00622484886,62.1345036,1.2,1.4,2.1
0.000299,0.00618436002,359.846113,1.2,1.4,2.14296853
0.000329889537,0.00617425436,378.719234,1.2,1.4,2.2
0.000368575626,0.00610370368,160.891533,1.2,1.4,2.2
0.000367,0.00605351719,76.4252744,1.2,1.4,2.2
0.000367,0.00604350103,84.3649993,1.2,1.4,2.2
0.000367,0.00603349199,77.2218649,1.2,1.4,2.2
0.000367419062,0.00602349012,64.152301,1.2,1.4,2.2
0.000368,0.00600350799,189.642943,1.2,1.4,2.1
0.000367,0.0059928719,134.106565,1.2,1.4,2.1
0.000366584921,0.00599324755,31.3454604,1.2,1.4,2.1
0.000367,0.00599362322,164.222179,1.2,1.4,2.1
0.000367826173,0.00599381105,230.660539,1.2,1.4,2.1
0.000369,0.00599399889,326.614966,1.2,1.4,2.1
0.000369411095,0.00599437457,439.693168,1.2,1.4,2.1
0.000340496775,0.00599475027,409.592677,1.2,1.4,2.2
0.000327046319,0.00599493812,336.374541,1.2,1.4,2.2
0.000338466656,0.00599550169,191.634943,1.2,1.4,2.2
0.000324077101,0.00599568955,141.605255,1.2,1.4,2.2
0.000367,0.00599625315,12.6076677,1.2,1.4,2.1
0.000367,0.0059966289,0.441685579,1.2,1.4,2.1
0.000367,0.00599681677,0,1.2,1.4,2.1
0.000367,0.00599700465,0,1.2,1.4,2.1
0.000367,0.00599719253,0,1.2,1.4,2.1
0.000367600856,0.0059977562,40.9820163,1.2,1.4,2.1
0.00032123402,0.00599813198,26.5899228,1.2,1.4,2.1
0.000367395824,0.00599869568,69.7440884,1.2,1.4,2.1
0.000368,0.0059990715,154.762747,1.2,1.4,2.1
0.000368,0.00599925941,168.272018,1.2,1.4,2.1
0.000368,0.00599944732,181.478173,1.2,1.4,2.1
0.000368,0.00599963524,166.363584,1.16074955,1.4,2.1
0.000293,0.006000199,112.754466,1.1,1.4,2.06094873
0.000292220303,0.00600038693,55.4404143,1.1,1.36101513,2
0.000290610815,0.00600057485,14.4520971,1.1,1.3,2
0.000367,0.00600113866,1.08801227,1.1,1.3,2
0.000367,0.00600151454,6.70428091,1.1,1.3,2
0.000367,0.00600170248,9.51241523,1.1,1.3,2
0.000367,0.00600189043,6.91780179,1.1,1.3,2
0.000367,0.00595207035,0,1.1,1.3,2
0.000366619446,0.00591748249,0,1.1,1.3,2
0.00036637989,0.00590022298,0,1.1,1.3,2
0.000367,0.00588298669,0,1.1,1.3,2
0.000367377898,0.00584858457,4.32220589,1.1,1.3,1.96221022
0.000368,0.00581427779,27.1820182,1.1,1.3,1.9
0.000368,0.00579716068,38.6119244,1.1,1.3,1.9
0.000368,0.00578006805,29.5808216,1.1,1.3,1.9
0.000368374578,0.00576300012,2.86601794,1.1,1.3,1.9
0.000369,0.00574595709,3.99148053,1.1,1.3,1.9
0.000369,0.00572893921,7.99362218,1.1,1.3,1.9
0.000368627414,0.00571194668,15.2054974,1.1,1.3,1.9
0.000368,0.00569497974,22.4173726,1.1,1.3,1.9
0.000368,0.00567803861,22.2331626,1.1,1.3,1.9
0.000367629406,0.00566112354,9.53659794,1.1,1.26294056,1.9
0.000367,0.00564423475,1.25515354,1.1,1.2,1.9
0.000367,0.00562737247,0.485664771,1.1,1.2,1.9
0.000367,0.00561053696,0,1.1,1.2,1.9
0.000367,0.00559372844,0,1.1,1.2,1.9
0.000367,0.00557694717,0,1.1,1.2,1.9
0.000350135905,0.00556019339,0,1.1,1.2,1.9
0.000308923755,0.00554346735,0,1.1,1.2,1.9
0.000366,0.0055100995,39.9576478,1.1,1.2,1.9
0.000366363955,0.0054934582,69.2193833,1.1,1.2,1.9
0.000367,0.00547684567,98.4811187,1.1,1.2,1.9
0.000367,0.00546026216,127.742854,1.1,1.2,1.9
0.000367,0.00544370794,157.00459,1.1,1.2,1.9
0.000367,0.00542718328,186.266325,1.1,1.2,1.9
0.000367,0.00541068845,215.528061,1.1,1.2,1.9
0.000366640029,0.00539422373,244.789796,1.1,1.2,1.9
0.000338333331,0.00537778938,274.051531,1.1,1.2,1.9
0.000289,0.0053613857,303.313267,1.1,1.2,1.9
0.000310208586,0.00532867144,361.836738,1.1,1.2,1.86426844
0.000289,0.00531236144,391.098473,1.1,1.2,1.8
0.000301459569,0.00529608324,420.360209,1.1,1.2,1.8
0.000369353996,0.00524744245,523.543818,1.1,1.2,1.9
0.00037,0.00523129446,638.954458,1.1,1.2,1.9
0.00037,0.00521517977,808.939992,1.1,1.2,1.9
0.00037,0.0051990987,875.304058,1.1,1.2,1.9
0.000372,0.00517553363,253.335894,1.1,1.23254463,1.9
0.000371675218,0.00517582147,174.453302,1.1,1.3,1.9
0.000370675882,0.00517610933,95.5707106,1.1,1.3,1.9
0.000369353091,0.00517639719,32.9465594,1.1,1.3,1.9
0.000367,0.00517697296,7.57839478,1.1,1.3,1.9
0.000367,0.00517726086,3.06472692,1.1,1.3,1.9
0.000367,0.00517754877,0,1.1,1.3,1.9
0.000367,0.00517783669,0,1.1,1.26798652,1.9
0.000367,0.00517841257,0,1.1,1.2,1.9
0.000366682521,0.00517898849,0,1.1,1.2,1.9
0.000366,0.00518237215,0,1.1,1.2,1.9
0.000366,0.00518644937,0,1.1,1.2,1.9
0.000366,0.0051905288,21.0193342,1.1,1.2,1.9
0.000367,0.00519869427,154.180864,1.1,1.2,1.9
0.000367313495,0.00520278029,220.761629,1.1,1.2,1.9
0.000368312831,0.00520686851,264.469724,1.1,1.2,1.9
0.000369,0.00521095891,281.986591,1.1,1.2,1.9
0.000369,0.00521505149,316.040342,1.1,1.2,1.9
0.000369,0.00521914625,284.618815,1.1,1.2,1.9
0.000369,0.00522324317,264.861186,1.1,1.2,1.9
0.000369,0.00523144351,133.247582,1.1,1.2,1.9
0.000369,0.00523554691,73.7957706,1.1,1.2,1.9
0.00036869248,0.00523965246,32.0506009,1.1,1.2,1.9
0.000367693144,0.00524376015,71.1209434,1.1,1.2,1.9
0.000367306192,0.00524786998,246.464448,1.1,1.2,1.9
0.000368,0.00525198195,450.194564,1.1,1.2,1.9
0.000367695136,0.00525609604,660.693897,1.1,1.2,1.9
0.0003673042,0.00526021226,739.77136,1.1,1.2,1.9
0.000368303536,0.0052643306,723.939114,1.1,1.2,1.9
0.00037,0.00527257361,463.286741,1.1,1.2,1.9
0.000369698456,0.00527669827,355.178332,1.1,1.2,1.9
0.00036869912,0.00528082503,189.969076,1.1,1.2,1.9
0.000368,0.00528908483,71.673859,1.1,1.2,1.9
0.000366702439,0.00530149015,0,1.1,1.2,1.9
0.000366296897,0.0053056294,0,1.1,1.2,1.9
0.000367,0.00530977072,0,1.1,1.2,1.9
0.000367294241,0.005322207,5.08448508,1.1,1.2,1.9
0.000368,0.00532635653,22.3530122,1.1,1.2,1.9
0.000368,0.0053346617,42.9410116,1.1,1.2,1.9
0.000368,0.00533881734,16.3455749,1.1,1.2,1.87084147
0.000368,0.00534713468,11.7170339,1.1,1.2,1.8
0.000368,0.00535129638,17.6243592,1.1,1.2,1.8
0.000368,0.00535546009,23.5316845,1.1,1.2,1.8
0.000367711734,0.00535962581,29.4390097,1.1,1.2,1.8
0.000367,0.00536379354,35.346335,1.1,1.2,1.8
0.000367,0.00536796326,41.2536603,1.1,1.2,1.8
0.000367,0.00537630868,49.2422108,1.1,1.2,1.8
0.000367,0.00538048436,41.7621804,1.1,1.2,1.8
0.000367,0.00538466203,34.28215,1.1,1.2,1.8
0.000367282954,0.00538173601,16.8731222,1.1,1.2,1.8
0.000367,0.00537744689,3.03579384,1.1,1.2,1.8
0.000367,0.00537530312,1.27030014,1.1,1.2,1.8
0.000345136737,0.00537315986,0,1.07197018,1.2,1.8
0.000367,0.00536887493,0,1,1.2,1.8
0.000367,0.00536673325,0,1,1.2,1.8
0.000367,0.0053645921,1.32864544,1,1.2,1.8
0.000367,0.00536245148,6.11092271,1,1.2,1.8
0.000367,0.00536031138,10.8932,1,1.2,1.8
0.000367275651,0.00535817181,15.6754773,1,1.2,1.8
0.000368,0.00535603277,20.4577546,1,1.2,1.8
0.000368,0.00535389426,25.2400318,1,1.2,1.8
0.000368,0.00535175627,30.0223091,1,1.2,1.8
0.000368,0.0053474819,39.5868637,1,1.2,1.8
0.000368,0.00534320966,49.1514182,1,1.2,1.8
0.000367730325,0.00533893954,15.1373357,1,1.2,1.8
0.000367,0.00533680529,48.0010791,1,1.2,1.8
0.000367,0.00533467157,38.4207774,1,1.2,1.8
0.000367,0.00533253838,28.8404757,1,1.2,1.8
0.000366733645,0.00532827362,0,1,1.2,1.8
0.000366,0.00532401101,0,1,1.2,1.77349724
0.000366264364,0.00532188052,0,1,1.2,1.7
0.0003667363,0.00531975056,0,1,1.2,1.7
0.000366,0.00531762114,0,1,1.2,1.7
0.000366,0.00531549227,0,1,1.2,1.7
0.000366,0.00531336393,0,1,1.2,1.7
0.000366261044,0.00531123614,0,1,1.2,1.7
0.000367,0.00530910889,0,1,1.173962,1.7
0.00034674215,0.00530698218,0,1,1.1,1.7
0.000289,0.0053027304,0,1,1.1,1.7
0.000289,0.00530060533,0,1,1.1,1.7
0.0003090507,0.0052984808,0,1,1.1,1.7
0.000367,0.00529635682,0,1,1.1,1.7
0.000366255068,0.0052921105,0,1,1.1,1.7
0.000367,0.00528786638,0,1,1.1,1.7
0.000367,0.00528574514,6.80776061,1,1.1,1.7
0.000367,0.00528150432,51.0911838,1,1.1,1.7
0.000367,0.0052771103,29.5854718,1,1.1,1.7
0.000367,0.00527478495,18.8326159,1,1.1,1.7
0.000366750907,0.00527246028,8.07975988,1,1.1,1.7
0.000366,0.00527013627,0,1,1.1,1.6751571
0.000366,0.00526781293,0,1,1.1,1.6
0.000366,0.00526549026,0,1,1.1,1.6
0.000366,0.00526316826,0,1,1.1,1.6
0.000366245773,0.00526084694,0,1,1.1,1.6
0.000367,0.00525852628,0,1,1.1,1.6
0.000366755555,0.0052562063,0,1,1.1,1.6
0.000366758874,0.00524461655,0,1,1.1,1.6
0.000366240462,0.00524230063,0,1,1.1,1.6
0.000367,0.00523998539,0.405258204,1,1.1,1.6
0.000367,0.00523767084,1.58896596,1,1.1,1.6
0.000367,0.00523535696,1.16674648,1,1.1,1.6
0.000367,0.00523304377,0.744526996,1,1.1,1.6
0.000367,0.00523073126,0.322307512,1,1.1,1.6
0.000367,0.00522841944,0,1,1.1,1.6
0.000367,0.0052261083,0,0.97641859,1.1,1.6
0.000367,0.00522379785,0,0.9,1.1,1.6
0.000367,0.00522148808,0,0.9,1.1,1.6
0.00036623183,0.00521225592,0,0.9,1.1,1.6
0.000366768833,0.0052099496,0,0.9,1.1,1.6
0.000366,0.00520764398,0,0.9,1.1,1.6
0.000366225855,0.00519152411,0,0.9,1.1,1.6
0.000366774809,0.00518922407,0,0.9,1.1,1.6
0.000367,0.00518462608,0,0.9,1.1,1.6
0.000367,0.00518232814,0,0.9,1.1,1.6
0.000366777465,0.00518003091,0,0.9,1.1,1.6
0.000366221871,0.00517773438,0,0.9,1.1,1.6
0.000367,0.00517543855,0,0.9,1.1,1.6
0.000367,0.00517084903,0,0.9,1.1,1.6
0.000367,0.00516855532,0,0.9,1.1,1.6
0.000366,0.00515318825,0,0.9,1.1,1.57841042
0.000366,0.00514946254,4.20885947,0.9,1.1,1.5
0.000367,0.00514201684,32.5025055,0.9,1.1,1.5
0.00036678676,0.00513829685,7.34358337,0.9,1.1,1.5
0.000366,0.00513457878,3.23631217,0.9,1.1,1.5
0.000366211912,0.00513086262,0,0.9,1.1,1.5
0.000366788752,0.00512714839,0,0.9,1.1,1.5
0.000367,0.00511231079,10.0321852,0.9,1.1,1.5
0.000369,0.00508642,554.803601,0.9,1.1,1.6
0.000370201953,0.00507535348,861.045575,0.9,1.1,1.6
0.000370798711,0.00507166861,923.162522,0.9,1.1,1.6
0.000370200625,0.00506798572,583.243359,0.9,1.1,1.6
0.000370800039,0.00506430484,269.310154,0.9,1.1,1.61999612
0.000369601405,0.00506062595,88.6062302,0.9,1.1,1.7
0.000367801367,0.00505694907,34.4151104,0.9,1.1,1.7
0.000367,0.00504593051,0,0.9,1.1,1.7
0.000367,0.00504226169,0,0.9,1.1,1.7
0.000366804686,0.0050385949,0,0.9,1.1,1.7
0.000366,0.00503493014,0,0.9,1.1,1.7
0.000366,0.00503126741,0,0.9,1.1,1.68060143
0.000366193322,0.00502760673,0,0.9,1.1,1.6
0.000366807342,0.00502394808,0,0.9,1.1,1.6
0.000366191994,0.00502029149,0,0.9,1.1,1.6
0.000367,0.00501663695,0,0.9,1.1,1.6
0.000367,0.00501298447,0,0.9,1.1,1.6
0.000367,0.00500933405,0,0.9,1.1,1.6
0.000367,0.0050056857,2.24577812,0.9,1.1,1.61893381
0.000367189191,0.00500203599,14.0991068,0.9,1.1,1.7
0.000368191265,0.00499838335,23.3332907,0.9,1.1,1.7
0.000369193339,0.00499473126,21.4644227,0.9,1.1,1.7
0.000370195413,0.00499108126,18.5413017,0.9,1.1,1.7
0.000370800439,0.00498378757,22.2934688,0.9,1.1,1.7
0.00037,0.00498014389,47.870027,0.9,1.1,1.7
0.00037,0.00499226869,25.2081243,0.9,1.1,1.7
0.000369,0.00503002252,3.50258578,0.9,1.1,1.7
0.000369,0.00504898164,3.32221247,0.9,1.1,1.7
0.000367785921,0.0050870612,0,1,1.1,1.7
0.000366781773,0.00512535188,0,0.97817734,1.1,1.7
0.000348816556,0.00514457492,0,0.9,1.1,1.7
0.000288,0.00516384898,0,0.9,1.1,1.7
0.000305506983,0.0051831735,0,0.9,1.1,1.7
0.000366,0.00520254792,0,0.9,1.1,1.7
0.000366,0.00522197167,0,0.9,1.1,1.7
0.000366,0.00524144422,0,0.9,1.1,1.7
0.000366,0.00526096501,0,0.9,1.1,1.7
0.000368,0.00549878968,22.7910215,0.9,1.1,1.6
0.000368,0.00551889135,16.6883911,0.9,1.1,1.6
0.000367,0.00555921824,4.48313021,0.9,1.1,1.6
0.000367,0.00559970689,0,0.9,1.1,1.6
0.000367,0.00562001078,0,0.9,1.1,1.6
0.000367,0.00564035382,0,0.9,1.1,1.6
0.000366725776,0.00566073557,0,0.9,1.1,1.6
0.000366276298,0.00568115563,0,0.9,1.1,1.6
0.000366721628,0.00570161358,0,0.9,1.1,1.6
0.000366,0.00574264152,0,0.9,1.1,1.6
0.000366,0.00576321072,0,0.9,1.1,1.6
0.000366,0.00578381622,0,0.9,1.1,1.6
0.000366288741,0.00580445762,0,0.9,1.1,1.6
0.000366709185,0.00582513456,0,0.9,1.1,1.6
0.000366294963,0.0058665935,0,0.9,1.1,1.6
0.000367,0.00597083675,7.85842948,0.9,1.1,1.6
0.000367,0.00596591733,0,0.9,1.1,1.6
0.000367,0.00596094471,0,0.9,1.1,1.6
0.000352477665,0.00595100504,0,0.9,1.1,1.6
0.000335617738,0.00594603799,0,0.9,1.1,1.6
0.000367,0.00594107282,0,0.9,1.1,1.6
0.000367,0.00592618854,0,0.9,1.1,1.6
0.000367,0.00592123088,0,0.9,1.1,1.6
0.000366667705,0.00591132123,0,0.9,1.1,1.6
0.000366,0.00590141919,0,0.9,1.1,1.6
0.000366,0.00589647103,0.00677033098,0.9,1.1,1.6
0.000366340591,0.00589152478,0.0268118103,0.9,1.1,1.6
0.000367,0.00588658046,0.0468532896,0.9,1.1,1.6
0.000367,0.00588163805,0.0668947688,0.9,1.1,1.6
0.000367,0.00587669758,0.0661275037,0.9,1.1,1.6
0.000366651114,0.00587175904,0.0260445451,0.9,1.1,1.6
0.000338976054,0.00586682244,0,0.9,1.1,1.6
0.000316536675,0.00586188779,0,0.9,1.1,1.6
0.000339656664,0.00585695508,0,0.9,1.1,1.6
0.000317503032,0.00585202433,22.5024805,0.9,1.1,1.6
0.000368363404,0.00583724384,301.317168,0.9,1.1,1.6
0.000369365478,0.00583232095,378.632179,0.9,1.1,1.6
0.000370367552,0.00582740004,384.338162,0.9,1.1,1.6
0.0003716283,0.00581756418,317.64838,0.9,1.1,1.6
0.000371,0.00581264923,290.18838,0.9,1.1,1.6
0.000370624152,0.00580773629,192.446614,0.9,1.1,1.6
0.000368620004,0.00579791641,84.0320096,0.9,1.1,1.7
0.000368,0.00579300949,35.252996,0.9,1.1,1.7
0.000367615856,0.00578810459,4.24324943,0.9,1.1,1.7
0.000367,0.00578320172,0,0.9,1.1,1.7
0.000366611708,0.00577830087,0,0.9,1.1,1.7
0.000319825412,0.00576850528,0,0.9,1.1,1.6
0.000366,0.00576361056,0,0.9,1.1,1.6
0.000366,0.00575871788,0,0.9,1.1,1.6
0.000366,0.00575382726,0,0.9,1.1,1.6
0.000366,0.0057489387,0,0.9,1.1,1.6
0.000366,0.0057440522,0,0.9,1.1,1.6
0.000366406957,0.00573428543,0,0.9,1.1,1.6
0.000367,0.00572940516,0,0.9,1.1,1.6
0.000367,0.005723488,4.4456928,0.9,1.1,1.6
0.000368,0.00570544419,36.9549764,0.9,1.1,1.6
0.000368423549,0.00568742936,48.3756449,0.9,1.1,1.6
0.000368574377,0.00568143091,18.3184363,0.9,1.1,1.6
0.000368,0.00566944379,1.49057061,0.9,1.1,1.6
0.000368,0.00566345515,1.07220473,0.9,1.1,1.6
0.000367566081,0.0056574698,0.653838852,0.9,1.1,1.6
0.000367,0.00565148775,0.235472971,0.9,1.1,1.6
0.000367,0.00564550902,0,0.9,1.1,1.6
0.000366559859,0.00563953361,0,0.9,1.1,1.6
0.000366,0.00563356154,0,0.9,1.1,1.6
0.000366444289,0.0056275928,0,0.9,1.1,1.6
0.000366,0.00561566542,0,0.9,1.1,1.6
0.000366,0.0055977997,0,0.9,1.1,1.6
0.00036646088,0.00557996466,0,0.9,1.1,1.6
0.000367,0.00557402651,0,0.9,1.1,1.6
0.000368,0.00554438782,13.0005753,0.9,1.1,1.6
0.000368,0.00553847056,22.2548462,0.9,1.1,1.6
0.000368,0.00553255682,12.2557406,0.9,1.1,1.6
0.000368,0.00552664661,4.92328654,0.9,1.1,1.6
0.000368,0.00551483684,1.00851759,0.9,1.1,1.6
0.000368,0.0055089373,0.378899065,0.9,1.1,1.6
0.000368,0.00550304133,0.653161081,0.9,1.1,1.6
0.000367,0.00549126017,0.132082619,0.9,1.1,1.6
0.000367,0.005485375,0,0.9,1.1,1.6
0.000367,0.00547949346,0,0.9,1.1,1.6
0.000366501788,0.00547361555,0,0.9,1.1,1.6
0.000366,0.00546187069,0,0.9,1.1,1.6
0.000366,0.00543014155,1.86800639,0.9,1.1,1.6
0.000366,0.00542766791,0,0.9,1.1,1.6
0.000366,0.00542519493,0,0.9,1.1,1.6
0.000367,0.00539803661,32.2818538,0.9,1.1,1.6
0.000367,0.00539310755,17.3230231,0.9,1.1,1.6
0.000367,0.00538818121,0,0.9,1.1,1.6
0.000366,0.0053832576,0,0.9,1.1,1.6
0.000366556283,0.00538079683,0,0.9,1.1,1.6
0.000366441643,0.00537833674,0,0.9,1.1,1.6
0.000366,0.00537587734,0,0.9,1.1,1.6
0.000366,0.00537341863,0,0.9,1.04374953,1.6
0.000366,0.00537096061,0,0.9,1,1.6
0.000366,0.00536604665,0,0.9,1,1.6
0.000366,0.0053635907,0,0.9,1,1.6
0.000366572875,0.00536113545,0,0.9,1,1.6
0.000367,0.00535622703,0,0.9,1,1.6
0.000367,0.00535377386,0,0.9,1,1.6
0.00036641883,0.00535132139,0,0.9,1,1.6
0.000366583244,0.00534886962,0,0.9,1,1.6
0.000366414682,0.00534641855,0,0.9,1,1.54146817
0.000367,0.00534151851,0,0.9,1,1.5
0.000367,0.00533906954,0,0.9,1,1.5
0.000367,0.00533662128,0,0.9,1,1.5
0.000367,0.00533417372,0,0.9,1,1.5
0.000367,0.00533172686,1.67971155,0.9,1,1.5
0.000367,0.00532928071,4.49553939,0.9,1,1.5
0.000367,0.00532683527,4.49242184,0.9,1,1.5
0.000367,0.00532439053,2.61520328,0.9,1,1.5
0.000367,0.00532194651,0.737984724,0.9,1,1.5
0.000367,0.00531950319,0,0.9,1,1.5
0.000367,0.00531706059,0,0.9,1,1.5
0.000367,0.00531461869,0,0.9,1,1.5
0.000403246876,0.00531217751,0,0.9,1,1.5
0.000366,0.00528864054,0,0.9,1,1.5
0.000366,0.00528345476,0,0.9,1,1.5
0.000366,0.00527309309,0,0.9,1,1.5
0.00036663302,0.00526791722,0,0.9,1,1.5
0.000366364907,0.00526274468,0,0.9,1,1.5
0.000366643389,0.00524208796,0,0.9,1,1.5
0.000367,0.00523693219,0,0.9,1,1.5
0.000366352463,0.0052317798,0,0.9,1,1.5
0.000366,0.00522663081,0,0.9,1,1.5
0.000366,0.00522148523,0,0.9,1,1.5
0.000366,0.00521634305,0,0.9,1,1.5
0.000366659981,0.00520093713,0,0.9,1,1.5
0.000366337945,0.00519580871,0,0.9,1,1.5
0.000366664129,0.00519068377,0,0.9,1,1.5
0.000366333797,0.00518556229,0,0.9,1,1.5
0.000366,0.00518044431,0,0.9,1,1.5
0.000366,0.00517021884,0,0.9,1,1.5
0.000366,0.00516511137,0,0.9,1,1.5
0.000366,0.00516000743,0,0.9,1,1.5
0.000366,0.00513962716,0,0.9,1,1.5
0.000366,0.00513454102,0,0.9,1,1.5
0.000366,0.00512945846,0,0.9,1,1.5
0.000366,0.00512437951,0,0.9,1,1.5
0.000366,0.00511930417,0,0.9,1,1.5
0.000312466639,0.00511423246,0,0.9,1,1.5
0.000342693056,0.00510916438,0,0.9,1,1.5
0.00036629854,0.00509903916,0,0.9,1,1.5
0.000366,0.00509398204,0,0.9,1,1.5
0.000367,0.0050788328,0,0.9,1,1.5
0.000312189077,0.00507379046,0,0.9,1,1.5
0.000366281948,0.00505868581,0,0.9,1,1.5
0.000366,0.00505450165,0,0.9,1,1.5
0.000366,0.00505331583,0,0.9,1,1.5
0.000366,0.00505213023,0,0.9,1,1.5
0.000366,0.00505094483,0,0.9,1,1.5
0.000457052736,0.00504975964,0,0.9,1,1.5
0.000399688019,0.00504857467,0,0.9,1,1.5
0.000366,0.0050473899,0,0.9,1,1.5
0.000399391791,0.00504265294,0,0.9,1,1.5
0.000366254986,0.00504028572,0,0.9,1,1.5
0.000366,0.00503673649,0.146490922,0.9,1,1.5
0.000366,0.00503555383,0.341895345,0.9,1,1.5
0.000366,0.00503437139,0.0954004643,0.9,1,1.5
0.000366,0.00503200714,0,0.9,1,1.5
0.00037894729,0.00503082533,0,0.9,1,1.5
0.000370781131,0.00502964373,0,0.9,1,1.5
0.000388441091,0.00502846235,0,0.9,1,1.5
0.000372733011,0.00502728118,0,0.9,1,1.5
0.000366769901,0.00502610023,0,0.9,1,1.5
0.000366228025,0.00502491948,15.5707386,0.9,1,1.5
0.000366774049,0.00502373896,35.7825705,0.9,1,1.5
0.000367,0.00502255864,55.9944023,0.9,1,1.5
0.000367,0.00501666027,10.9697986,0.9,1,1.5
0.000367,0.00501194542,0,0.9,1,1.5
0.000367,0.00501076725,0,0.9,1,1.5
0.000367,0.00500958929,0,0.9,1,1.5
0.000366807233,0.00500487961,0,0.9,1,1.5
0.000366190693,0.00500370273,0,0.9,1,1.5
0.00036681138,0.00500252607,0,0.9,1,1.5
0.000367,0.00499782157,60.814779,0.9,1,1.5
0.000367,0.00499664599,82.4275103,0.9,1,1.5
0.000367,0.00499820097,104.040242,0.9,1,1.5
0.000367,0.00500547751,85.573784,0.9,1,1.5
0.000367,0.0050127623,58.5578699,0.9,1,1.5
0.000367,0.00503466583,0,0.9,1,1.5
0.000367,0.00504198328,0,0.9,1,1.5
0.000367,0.00504930881,0,0.9,1,1.5
0.000367,0.00505664238,124.389968,0.9,1,1.5
0.000367,0.00509342965,45.4435992,0.9,1,1.5
0.000367,0.00510081074,24.255461,0.9,1,1.5
0.000366145066,0.00510819964,3.06732279,0.9,1,1.5
0.000366,0.00515269494,0,0.9,1,1.4
0.000366,0.0051601375,0,0.9,1,1.4
0.000366,0.0051675876,0,0.9,1,1.4
0.000366873599,0.0051750452,0,0.9,1,1.4
0.000366124327,0.00518251027,0,0.9,1,1.4
0.000366,0.00518998278,0,0.9,1,1.4
0.000366879821,0.0051974627,0,0.9,1,1.4
0.000366,0.00521244461,0,0.9,1,1.4
0.000367,0.00522745577,0,0.9,1,1.4
0.000367,0.00523497224,0,0.9,1,1.4
0.000366105661,0.00525002679,0,0.9,1,1.4
0.000366,0.00525756481,0,0.9,1,1.4
0.000366,0.00526510995,0,0.9,1,1.4
0.000366,0.00527266219,0.184614994,0.9,1,1.4
0.000366,0.00528022149,0.390040156,0.9,1,1.4
0.000366,0.00529536117,0.800890482,0.9,1,1.4
0.000366,0.00530294147,0.0747374222,0.9,1,1.4
0.000366,0.00531812289,0,0.9,1,1.4
0.000366,0.00532572393,0,0.9,1,1.4
0.000366,0.00533333184,0,0.9,1,1.4
0.000366,0.00534856808,3.02186593,0.9,1,1.4
0.000366,0.00532001979,0,0.9,1,1.4
0.000367,0.00531780824,0,0.9,1,1.4
0.000366,0.005314492,0,0.9,1,1.4
0.000366,0.00531338688,0,0.9,1,1.4
0.000366,0.0053100715,0,0.9,1,1.4
0.000366,0.00530369828,0,0.9,1,1.4
0.000366917797,0.00529732997,0,0.9,1,1.4
0.000366,0.0052846081,0,0.9,1,1.4
0.000366915805,0.00527825458,0,0.9,1,1.4
0.000367,0.00525922389,0,0.9,1,1.4
0.000367,0.00525289035,0,0.9,1,1.4
0.000366087514,0.00524656184,0,0.9,1,1.4
0.000366,0.00522760675,0,0.9,1,1.4
0.000366,0.00522129859,0,0.9,1,1.4
0.000366,0.00521499556,0,0.9,1,1.4
0.000366,0.00520869768,0,0.9,1,1.4
0.000366907838,0.00520240497,0,0.9,1,1.4
0.000367,0.00519611745,0,0.9,1,1.4
0.00036609349,0.00518983513,0,0.9,1,1.4
0.000345165536,0.00518355804,0,0.9,1,1.4
0.000363819193,0.00517728619,0,0.9,1,1.4
0.000366904518,0.00517101961,0,0.9,1,1.4
0.000367,0.00516475831,0,0.9,1,1.4
0.00036609681,0.00515850231,0,0.9,1,1.4
0.000367,0.0051460063,0,0.9,1,1.4
0.000366098801,0.00513976633,0,0.9,1,1.4
0.000366,0.00513353173,0,0.9,1,1.4
0.000366,0.00512730254,0,0.9,1,1.4
0.000366,0.00512107876,0,0.9,1,1.4
0.000366897879,0.00510864754,0,0.9,1,1.4
0.000366102785,0.00510244014,0,0.9,1,1.4
0.000366,0.00509623824,0,0.9,1,1.4
0.000366895887,0.00509004185,0,0.9,1,1.4
0.000366104777,0.00508385101,0,0.9,1,1.4
0.000366,0.00507766572,0,0.9,1,1.4
0.000366,0.00507148602,0,0.9,1,1.4
0.000366893231,0.00506531191,0,0.9,1,1.4
0.000366107433,0.00505914343,0,0.9,1,1.4
0.000366,0.0050406719,0,0.9,1,1.4
0.000366889912,0.00503452611,0,0.9,1,1.4
0.000367,0.00502838603,0,0.9,1,1.4
0.000367,0.00502225171,0,0.9,1,1.4
0.000367,0.00501612315,0,0.9,1,1.4
0.000367,0.00501000037,0,0.9,1,1.4
0.000366114072,0.00500304226,0,0.9,1,1.5
0.000366,0.00501058442,0,0.9,1,1.5
0.000366,0.0050181354,0,0.9,1,1.5
0.000366883936,0.00502569518,0,0.9,1,1.5
0.000367,0.0050332637,0,0.9,1,1.5
0.000366,0.00505602138,0,0.9,1,1.5
0.000366880616,0.0050636245,0,0.9,1,1.5
0.000366120047,0.00507123618,0,0.9,1,1.5
0.000366,0.00507885638,0,0.9,1,1.5
0.000366,0.00508648505,0,0.9,1,1.5
0.000366877961,0.00509412216,0,0.9,1,1.5
0.000367,0.00510176767,0,0.9,1,1.5
0.000366123367,0.00510942155,0,0.9,1,1.5
0.000366,0.00511708375,0,0.9,1,1.5
0.000366,0.00513243298,0,0.9,1,1.5
0.000366,0.00514011993,0,0.9,1,1.5
0.000366,0.00514781506,0,0.9,1,1.5
0.000366,0.00515551834,0,0.9,1,1.5
0.000366,0.00516322971,0,0.9,1,1.5
0.000366871321,0.00517094916,0,0.9,1,1.5
0.000366129343,0.00517867663,0,0.9,1,1.5
0.000366,0.00518641211,0,0.9,1,1.5
0.000366,0.00519415554,0,0.9,1,1.5
0.000366,0.00521743324,1.3705215,0.9,1,1.5
0.000366,0.00522520816,0.161324867,0.9,1,1.5
0.000366,0.00523299087,0,0.9,1,1.5
0.000366,0.00524078132,0,0.9,1,1.5
0.000366,0.00525638534,0,0.9,1,1.5
0.000367,0.00527201995,0,0.9,1,1.5
0.000367,0.00527984864,0,0.9,1,1.5
0.000367,0.00530337984,0,0.9,1,1.5
0.00036785937,0.00531123851,0,0.9,1,1.5
0.000368,0.00531910459,3.77830796,0.9,1,1.5
0.000368,0.00534274698,16.9695439,0.9,1.08567145,1.5
0.000368856051,0.00535064238,15.7949562,0.9,1.1,1.5
0.000368144613,0.00535854503,13.6877847,0.9,1.1,1.5
0.000368,0.0053664549,11.5806133,0.9,1.1,1.5
0.000367,0.00538229617,7.36627036,0.9,1.1,1.58533948
0.000367,0.00538966137,5.2590989,0.9,1.1,1.6
0.000367,0.00539599495,3.15192745,0.9,1.1,1.6
0.000367,0.00540233303,0.422015516,0.9,1.1,1.6
0.000367,0.00541502263,0,0.9,1.1,1.6
0.000366150589,0.00542137412,0.0382235022,0.9,1.1,1.6
0.000366,0.00542773004,0.0831936248,0.9,1.1,1.6
0.000366,0.00543409039,0.0136725052,0.9,1.1,1.6
0.000366,0.00544045514,0,0.9,1.1,1.6
0.000366,0.00544682429,5.09746745,0.9,1.1,1.6
0.000366846091,0.00545319781,57.7796443,0.9,1.1,1.6
0.000367,0.00545957569,118.914028,0.9,1.1,1.6
0.000367,0.00546595792,114.923476,0.9,1.1,1.6
0.0003678441,0.00547234448,99.0165443,0.9,1.1,1.6
0.000368,0.00547873535,83.1096126,0.9,1.1,1.6
0.000367157228,0.00548513053,67.2026809,0.9,1.1,1.6
0.000367,0.00549152998,51.2957492,0.9,1.1,1.6
0.000367,0.00549793371,35.3888175,0.9,1.1,1.6
0.000367,0.00551075391,3.57495412,0.9,1.1,1.6
0.000367,0.00553644491,0.0910222903,0.9,1.1,1.6
0.000367,0.00554287811,0,0.9,1.1,1.6
0.000367,0.00554931547,0,0.9,1.1,1.6
0.000367,0.00555575696,0,0.9,1.1,1.6
0.000367,0.00556220258,0,0.9,1.1,1.6
0.00036616586,0.0055686523,0,0.983414048,1.1,1.6
0.000366832813,0.00558156402,6.13782885,1,1.1,1.6
0.000366168515,0.00559449201,12.2887831,1,1.1,1.6
0.000366830157,0.00560743615,6.39669767,1,1.1,1.6
0.000367,0.00562039633,0.504612273,1,1.1,1.6
0.000366171835,0.0056268824,0,1,1.1,1.6
0.000366827501,0.00563337245,0,1,1.1,1.6
0.000367,0.00563986644,0,1,1.1,1.6
0.000367,0.00564636438,1.25578322,1,1.1,1.6
0.000367,0.00565286625,0.265225968,1,1.1,1.6
0.000367,0.00565937203,0,1,1.1,1.6
0.000367,0.00567239528,0,1,1.1,1.6
0.000367,0.00567891273,0,1,1.1,1.6
0.000366,0.00571244327,0,1,1.1,1.6
0.000366818206,0.00571469915,0,1,1.1,1.6
0.000366182458,0.00571695548,0,1,1.1,1.6
0.000366183786,0.0057214695,0,1,1.1,1.6
0.000366,0.00572372718,0,1,1.1,1.6
0.000366,0.00572598531,0,1,1.1,1.6
0.000366814222,0.00572824388,0,1,1.1,1.6
0.000366186442,0.00573050291,0,1,1.1,1.6
0.000366812894,0.00573276238,0,1,1.1,1.6
0.000367,0.00574859117,0,1,1.1,1.6
0.000367,0.0057508542,0,1,1.1,1.6
0.000366193081,0.00575311767,0,1,1.1,1.6
0.000366806255,0.00575538159,0,1,1.1,1.6
0.000367,0.00575991074,0,1,1.1,1.6
0.000367,0.00576217598,0,1,1.1,1.6
0.000366,0.00576670778,0,1,1.1,1.6
0.000366802271,0.00576897433,0,1,1.1,1.6
0.000367,0.00577124133,0,1,1.1,1.6
0.000366199057,0.00577350876,0,1,1.1,1.6
0.000366,0.00577577663,0,1,1.1,1.6
0.000366,0.00577804493,0,1,1.1,1.6
0.000366,0.00578485246,0,1,1.1,1.6
0.000366,0.00578712251,0,0.920304029,1.1,1.6
0.000366,0.00578939299,0,0.9,1.1,1.6
0.000366,0.00579166391,0,0.9,1.1,1.6
0.000366,0.00579620704,0,0.9,1.1,1.6
0.000366,0.00579847925,0,0.9,1.1,1.6
0.000366,0.00580529847,0,0.9,1.1,1.6
0.000366,0.00580757241,0,0.9,1.1,1.6
0.000366,0.00580984678,0,0.9,1.1,1.6
0.000367,0.00582598434,0.00213663373,0.9,1.1,1.6
0.000366,0.00589179184,0,0.9,1.1,1.6
0.000366781689,0.00590279329,0,0.9,1.1,1.6
0.000348255398,0.00591380417,0,0.9,1.1,1.6
0.000343,0.00593585403,0,0.9,1.1,1.6
0.000343,0.00594689291,0,0.9,1.1,1.6
0.000342221631,0.00595794102,0,0.9,1.1,1.6
0.000361442634,0.0059689983,0,0.9,1.1,1.6
0.000396527574,0.00598006471,0,0.9,1.1,1.6
0.000405,0.00601331819,0.555627474,0.9,1.1,1.6
0.000405,0.0060244206,0,0.9,1.1,1.6
0.000405,0.00604665201,0,0.9,1.1,1.6
0.000405,0.00605778091,0,0.9,1.1,1.6
0.000405,0.00606891853,10.5032438,0.9,1.1,1.6
0.000405771066,0.00608006484,9.86261948,0.9,1.1,1.6
0.000406,0.00609121979,139.995686,0.9,1.1,1.6
0.000406,0.00610238332,136.281774,0.9,1.1,1.6
0.000406,0.00611355539,98.1751521,0.9,1.1,1.6
0.000406,0.00612473596,52.2132797,0.9,1.1,1.6
0.000406,0.00613592497,17.3489017,0.9,1.1,1.6
0.000406,0.00614712239,41.6046285,0.9,1.1,1.6
0.000406,0.00615832816,28.6539422,0.9,1.1,1.6
0.000406,0.00616954224,13.5053934,0.9,1.1,1.6
0.000406,0.00618076459,2.66759387,0.9,1.1,1.6
0.000406,0.00619199516,0.0282688168,0.9,1.1,1.6
0.000406,0.0062032339,0,0.9,1.1,1.6
0.000406,0.00621448077,0,0.976309864,1.1,1.6
0.000405237565,0.00622573573,0,1,1.1,1.6
0.000405,0.00623699874,0,1,1.1,1.6
0.000405,0.00624826974,0,1,1.1,1.6
0.000405,0.00667306025,0,1,1.1,1.6
0.000405,0.0066936991,0,1,1.1,1.6
0.000405,0.0067350386,0,1,1.1,1.6
0.000405,0.00675573888,0,1,1.1,1.6
0.000405,0.00677645926,0,1,1.1,1.6
0.000405,0.00679719956,0,1,1.1,1.6
0.000405,0.00681795959,0.243934915,1,1.1,1.6
0.000405738533,0.00683873918,0.573715814,1,1.1,1.6
0.000406,0.00688035633,0.953139756,1,1.1,1.6
0.000406,0.00690119353,0.903172953,1,1.1,1.6
0.000406,0.00692204959,0.85320615,1,1.1,1.6
0.000406734549,0.00696381761,20.9685404,1,1.1,1.6
0.000407,0.00698472923,12.0489556,1,1.1,1.6
0.000407,0.00700565904,13.8814739,1,1.1,1.6
0.000407,0.00706855599,38.9411635,1,1.1,1.6
0.000407,0.00708955694,33.2538242,1,1.1,1.6
0.000407,0.0071105753,29.8860152,1,1.1,1.6
0.000407,0.00713161089,18.7882224,1,1.1,1.6
0.000406,0.00717373319,0,1,1.1,1.6
0.000406,0.0071948196,0,1,1.1,1.6
0.000406,0.00721592265,0,1,1.1,1.6
0.000405274082,0.00723704219,0,1,1.1,1.6
0.000405725254,0.00725817809,0,1,1.1,1.6
0.000406,0.0072793302,0,1,1.1,1.6
0.000405276074,0.00730049837,0,1,1.1,1.6
0.000405,0.00732168248,0,1,1.1,1.6
0.000405,0.00734288238,0,1,1.1,1.6
0.000405,0.00736409793,0,1,1.1,1.6
0.000405,0.007385329,0,1,1.1,1.6
0.000405,0.00740657546,0,1,1.1,1.6
0.000406,0.00734596417,57.5148118,1,1.1,1.6
0.000407,0.00730169499,332.830969,1,1.17146308,1.6
0.000407,0.00728695398,543.182845,1,1.2,1.6
0.000407,0.00727222073,419.200058,1,1.2,1.6713303
0.000407,0.00725749529,234.265749,1,1.2,1.7
0.000407711975,0.00724277771,134.921185,1,1.2,1.7
0.000407288689,0.00722806804,81.3509427,1,1.2,1.7
0.000407,0.00721336633,50.862455,1,1.2,1.7
0.000406,0.00716930942,25.9682543,1,1.2,1.7
0.000406,0.00715464002,54.1695178,1,1.2,1.7
0.000406,0.00713997883,82.3707814,1.07073275,1.2,1.7
0.000406,0.0071253259,110.572045,1.1,1.2,1.7
0.000406,0.00711068127,138.773308,1.1,1.2,1.7
0.000406,0.00709604499,166.974572,1.1,1.2,1.7
0.000406,0.00708141713,195.175836,1.1,1.2,1.7
0.000406,0.00706679773,223.377099,1.1,1.2,1.7
0.000406,0.00705218684,251.578363,1.1,1.2,1.7
0.000406,0.00703758452,214.284591,1.1,1.2,1.7
0.000406,0.00702299082,149.340239,1.1,1.2,1.7
0.000406,0.00700840579,84.3958873,1.1,1.2,1.7
0.000406,0.00697926198,5.66319504,1.1,1.2,1.7
0.000407,0.00695015353,105.040186,1.1,1.2,1.7
0.000407698032,0.00693561269,232.135746,1.1,1.2,1.7
0.000408,0.00692108087,453.989715,1.1,1.2,1.7
0.000407306615,0.00683408226,188.955326,1.1,1.3,1.8
0.000406,0.00679070925,155.815343,1.1,1.3,1.8
0.000406,0.00677627069,144.768683,1.1,1.3,1.8
0.000406690065,0.00676184179,162.507392,1.1,1.3,1.8
0.000407,0.0067474226,121.945697,1.1,1.3,1.8
0.000407,0.0067330132,96.3388947,1.1,1.3,1.8
0.000407,0.00671861364,111.845315,1.1,1.3,1.8
0.000407,0.00670422398,120.936685,1.1,1.3,1.8
0.000407,0.00669229985,102.177428,1.1,1.3,1.8
0.000406313919,0.0066910688,73.9286964,1.1,1.3,1.8
0.000406,0.00668614534,11.6090859,1.1,1.3,1.8
0.000406,0.00668491466,13.4428675,1.1,1.3,1.8
0.000406,0.00668368406,15.2766492,1.1,1.3,1.8
0.000406680106,0.00667999268,22.4884604,1.1,1.3,1.8
0.00040867745,0.00667507188,237.310502,1.1,1.3,1.86774501
0.000409,0.00667261192,182.421319,1.1,1.3,1.9
0.000409,0.00667138205,161.423522,1.1,1.36754582,1.9
0.000409,0.00667015226,117.256091,1.1,1.4,1.9
0.00040832587,0.00666892254,59.4423827,1.1,1.4,1.9
0.000408,0.0066676929,27.3572054,1.1,1.4,1.9
0.000408672802,0.00666646333,58.668084,1.1,1.4,1.9
0.000408,0.00666400441,100.908658,1.1,1.4,1.9
0.000408,0.00666277507,93.8178846,1.16708106,1.4,1.9
0.000408,0.0066603166,50.8394069,1.2,1.4,1.9
0.000407331181,0.00665908747,26.2846153,1.2,1.4,1.9
0.000407,0.00665785842,33.7568631,1.2,1.4,1.9
0.000407,0.00665662945,27.2141857,1.2,1.4,1.9
0.000407,0.00665294298,42.2291422,1.2,1.4,1.9
0.000406335165,0.0066517143,18.034176,1.2,1.4,1.9
0.000406664171,0.0066504857,11.7463748,1.2,1.4,1.9
0.000407,0.00664925718,11.5894782,1.2,1.4,1.9
0.000407,0.00664802873,16.8438695,1.2,1.4,1.9
0.000407,0.00664557205,5.30062643,1.2,1.4,1.9
0.000407,0.0066406596,37.2710823,1.2,1.4,1.9
0.000407658196,0.00663943168,50.928675,1.2,1.4,1.9
0.000408,0.00663820383,356.861341,1.2,1.4,1.96575318
0.000408,0.00663697606,647.376921,1.2,1.4,2
0.000408,0.00663452073,359.223979,1.2,1.4,2
0.000408654876,0.00663329319,247.331353,1.2,1.4,2
0.000409,0.00663206571,131.395567,1.2,1.4,2
0.000409,0.00662877389,37.1468954,1.2,1.4,2
0.000408347116,0.00661411231,19.5371779,1.2,1.4,2
0.000408,0.00659946161,44.6475916,1.2,1.4,2
0.000408,0.00658482186,142.284242,1.2,1.4,2
0.000408,0.00654096904,214.381573,1.2,1.4,2
0.000408,0.00651178993,491.146382,1.2,1.4,2
0.000407,0.00646810694,638.267144,1.2,1.4,2
0.000407,0.0064535691,466.318096,1.2,1.4,2
0.000407,0.00643904297,272.46842,1.2,1.4,2
0.000407,0.00642452863,172.971739,1.2,1.4,2
0.000407,0.00641002615,101.426481,1.2,1.4,2
0.000407,0.00639553563,60.7085461,1.2,1.4,2
0.000407,0.00638105713,32.6452916,1.2,1.4,2
0.000407,0.00636659074,26.5391196,1.2,1.4,2
0.000407640933,0.00635213656,99.3067677,1.2,1.4,2
0.000408,0.00633769465,99.2449969,1.2,1.4,2
0.000408,0.0063232651,54.0625233,1.2,1.4,2
0.000408,0.006308848,26.7944044,1.2,1.4,2
0.000407,0.00623695223,16.0955053,1.2,1.4,2
0.000407,0.00622261163,9.29252512,1.2,1.4,2
0.000407,0.0062082841,2.48954491,1.2,1.4,2
0.000407,0.00619396972,0,1.2,1.4,2
0.000407,0.00617966859,0,1.2,1.4,2
0.000407,0.00616538078,0,1.2,1.4,2
0.000407,0.00615110641,0,1.2,1.4,2
0.000407,0.00613684556,0,1.2,1.4,2
0.000407,0.00610836481,0,1.2,1.4,2
0.000462350439,0.00609414509,8.11387124,1.2,1.4,2
0.000439707987,0.00607993928,4.79469362,1.2,1.4,2
0.000407627654,0.00606574748,0.00313827191,1.2,1.4,2
0.000408,0.00605156977,0.0081349522,1.2,1.4,2
0.000407373674,0.00603740627,4.71371199,1.2,1.4,2
0.000407625663,0.00602325706,7.67224455,1.2,1.4,2
0.000408,0.00600912226,7.91541633,1.2,1.4,2
0.000408,0.00599500196,8.1585881,1.2,1.4,2
0.000407376329,0.00598089627,10.9629677,1.2,1.4,2
0.000407623007,0.00596680529,31.607937,1.2,1.4,2
0.000408,0.00595272912,41.541696,1.2,1.4,2
0.000408,0.00589441493,4.7724381,1.2,1.4,2
0.000407,0.00584670465,0,1.2,1.4,2
0.000406,0.00581499942,0,1.2,1.4,2
0.000406,0.00579917779,0,1.2,1.4,2
0.000406,0.00576759735,0,1.2,1.4,2
0.000406,0.00575183889,0,1.2,1.4,2
0.000406,0.00572038635,0,1.2,1.4,2
0.000406,0.00570469263,20.2907445,1.2,1.4,2
0.000440285515,0.0056733712,221.349017,1.2,1.4,2
0.000406609728,0.00565774384,290.068835,1.2,1.4,2
0.000407,0.00564213898,240.536743,1.2,1.4,2
0.000407,0.00562655679,180.561465,1.2,1.4,2
0.000407,0.00561099747,113.875769,1.2,1.4,2
0.000407,0.00559546121,57.8441909,1.2,1.4,2
0.000407,0.00557994819,25.8885167,1.2,1.4,2
0.000407,0.00556445862,22.5480691,1.2,1.4,2
0.000407,0.00554899268,22.8116652,1.2,1.4,2
0.000407,0.00550273872,113.048713,1.2,1.4,2
0.000407,0.00548736935,239.802678,1.2,1.4,2
0.000407,0.00545670476,117.343908,1.2,1.4,1.93989033
0.000406,0.00539567812,117.474771,1.2,1.4,1.9
0.000406,0.00538048574,96.3038346,1.2,1.4,1.9
0.000406,0.00536531951,54.6627684,1.2,1.4,1.9
0.000406596449,0.00535017964,49.2174715,1.2,1.4,1.9
0.000406404215,0.00533506638,32.6831008,1.2,1.4,1.9
0.000406595121,0.00531997993,9.42355403,1.2,1.4,1.9
0.000406405543,0.00530492054,0,1.2,1.4,1.9
0.000407,0.00525990698,24.9813315,1.2,1.4,1.9
0.000407,0.00524495813,14.8823414,1.2,1.4,1.9
0.000407,0.00521514534,66.9587328,1.2,1.4,1.9
0.00045890325,0.0052002819,47.6178296,1.2,1.4,1.9
0.000407,0.00517064215,30.2232128,1.2,1.4,1.9
0.000407,0.00515586634,12.2451571,1.2,1.4,1.9
0.000407,0.00514384187,37.2227789,1.2,1.4,1.9
0.000407,0.00515178267,195.898871,1.2,1.4,1.9
0.000407,0.00515310698,199.276627,1.2,1.4,1.9
0.000407,0.00515443152,161.373281,1.2,1.4,1.9
0.000407,0.00515708134,75.7985033,1.2,1.4,1.9
0.000407,0.0051584066,29.2645224,1.2,1.4,1.9
0.000407,0.00515973211,5.66082571,1.2,1.4,1.9
0.000407,0.00516105785,42.0849144,1.2,1.4,1.9
0.000407577195,0.00516238383,133.652473,1.2,1.4,1.9
0.000408,0.00516371006,254.850588,1.2,1.4,1.9
0.000408,0.00516503651,277.658659,1.2,1.4,1.9
0.000408,0.00516636321,229.949309,1.2,1.4,1.9
0.000408,0.00516769015,188.789988,1.2,1.4,1.9
0.000408,0.00517167238,37.6220898,1.2,1.4,1.9
0.000407428117,0.00517300026,16.1157396,1.2,1.4,1.95718832
0.000407571219,0.00517432839,67.1265896,1.2,1.4,2
0.000408,0.00517831417,422.764061,1.2,1.4,2
0.000408568564,0.00517964324,329.072888,1.2,1.4,2
0.000408565908,0.00518496188,90.7282294,1.2,1.4,2
0.000409,0.00518629212,51.1320001,1.2,1.4,2
0.000409,0.00518762261,86.0539468,1.2,1.4,2
0.000408436084,0.00518895332,175.869502,1.2,1.4,2
0.000408,0.00519028428,291.240361,1.2,1.4,2
0.000408,0.00519161546,378.711327,1.2,1.4,2
0.000408,0.00519294689,410.856546,1.25619241,1.4,2
0.000408559932,0.00519694256,218.470871,1.3,1.45599323,2.1
0.000409,0.00519827491,178.379456,1.3,1.5,2.1
0.000409,0.00520094033,175.749987,1.3,1.5,2.1
0.000409,0.00520227339,178.379776,1.3,1.5,2.1
0.000409,0.00520494021,144.746395,1.3,1.5,2.1
0.000409,0.00520760795,53.7470823,1.3,1.5,2.1
0.000408446043,0.00520875088,50.0507907,1.3,1.5,2.1
0.000407450691,0.005193305,34.3541894,1.3,1.5,2.1
0.000407,0.00518669495,57.8345895,1.3,1.5,2.1
0.000407,0.00518449289,96.0432923,1.3,1.5,2.1
0.000406454674,0.0051800907,211.699107,1.3,1.5,2.1
0.000406544662,0.00517789058,210.913826,1.3,1.5,2.1
0.000407,0.00517569111,204.030334,1.3,1.5,2.1
0.000407,0.00517349228,171.769137,1.3,1.5,2.1
0.00040754267,0.0051712941,143.710069,1.3,1.5,2.1
0.000408,0.00516909657,127.839522,1.3,1.5,2.1
0.000408,0.0051668997,114.678193,1.3,1.5,2.1
0.000407461978,0.00515592511,0.863898577,1.3,1.5,2.1
0.000407,0.00515373216,0,1.3,1.5,2.1
0.000407,0.00515153986,4.23451776,1.3,1.5,2.1
0.000408,0.00514715724,50.1466162,1.3,1.5,2.1
0.000408,0.00514277726,115.694572,1.3,1.5,2.1
0.000409,0.00513621225,99.6171058,1.3,1.5,2.1
0.000409,0.00513402524,86.6707644,1.3,1.5,2.1
0.000409,0.0051274682,477.164447,1.3,1.5,2.1
0.000409,0.00512528385,441.993928,1.3,1.5,2.1
0.000409,0.00512310017,369.246568,1.3,1.5,2.1
0.000408,0.00511655315,491.222172,1.3,1.6,2.1
0.00037860761,0.00509985667,6.36644342,1.34805682,1.6,2.1
0.000408,0.0051110925,39.6325775,1.4,1.6,2.2
0.000408496858,0.00511143326,37.5051496,1.4,1.6,2.2
0.000409,0.00511245564,111.406438,1.4,1.6,2.2
0.000409,0.00511313731,180.489248,1.4,1.6,2.2
0.000409,0.00511415993,261.385657,1.4,1.6,2.2
0.000409,0.00511450084,94.4883103,1.4,1.6,2.2
0.000408509782,0.00511484176,65.3374039,1.4,1.6,2.2
0.000408,0.0051151827,114.537187,1.4,1.6,2.2
0.000407511774,0.00511586464,157.338848,1.4,1.6,2.2
0.000407487563,0.00511620563,150.616571,1.4,1.6,2.2
0.000407513101,0.00512016909,111.789034,1.4,1.6,2.2
0.000407,0.00512819404,40.8558768,1.4,1.6,2.2
0.000407,0.00513220989,20.4739453,1.4,1.6,2.2
0.000406482915,0.00514427092,321.609479,1.4,1.6,2.2
0.000407,0.00514829572,375.598609,1.4,1.6,2.2
0.000407480923,0.00515635201,220.475032,1.4,1.6,2.2
0.000408,0.00516441715,268.52046,1.4,1.6,2.2
0.000408478267,0.00517249111,424.788231,1.4,1.6,2.2
0.000409,0.00517653138,451.094443,1.4,1.6,2.2
0.000409,0.00519676548,146.952485,1.4,1.6,2.2
0.000409,0.00520081881,75.982143,1.4,1.6,2.2
0.000408,0.00522518393,6.00194909,1.4,1.6,2.2
0.000408,0.00522925226,9.89113164,1.4,1.6,2.2
0.000407531692,0.00523332271,3.65092605,1.4,1.6,2.2
0.000407,0.00523739529,3.31501119,1.4,1.6,2.2
0.000407,0.00524146997,5.88273741,1.4,1.6,2.2
0.000407,0.00524554677,17.8942161,1.4,1.6,2.2
0.000407,0.00524962566,28.4461498,1.4,1.6,2.2
0.000407,0.00525370666,42.82607,1.4,1.6,2.2
0.000409,0.00528233199,175.094232,1.4,1.6,2.2
0.000409,0.0052864296,193.194342,1.4,1.6,2.2
0.000409,0.00529052926,202.699379,1.4,1.6,2.2
0.000409,0.00529873474,194.825034,1.4,1.6,2.2
0.000408,0.00530694838,113.465797,1.4,1.6,2.2
0.000408,0.00531105824,94.3219538,1.4,1.6,2.2
0.000407544971,0.00531517014,69.4517592,1.4,1.6,2.2
0.000407,0.00533875734,20.0529753,1.4,1.6,2.2
0.000407,0.00534864218,27.1182812,1.4,1.6,2.2
0.000407,0.00535853839,50.0702149,1.4,1.6,2.2
0.000407,0.00536844593,101.627837,1.4,1.6,2.2
0.000407450382,0.00537836472,135.892748,1.4,1.6,2.2
0.000407550282,0.00538829471,166.277206,1.4,1.6,2.2
0.000407,0.00539823584,233.789025,1.4,1.6,2.2
0.00040744839,0.00540818804,241.749593,1.4,1.6,2.2
0.000408,0.00541815125,214.399522,1.4,1.6,2.2
0.000407552938,0.00542812541,247.830405,1.4,1.6,2.2
0.000407,0.00543811046,220.75152,1.4,1.6,2.2
0.000408439095,0.005548648,35.0741665,1.4,1.6,2.2
0.000408561569,0.00555875918,34.9298226,1.4,1.6,2.2
0.000408,0.0055688805,11.4878291,1.4,1.6,2.2
0.000408,0.00557901191,12.1522232,1.4,1.6,2.2
0.000408,0.0056094661,48.2226351,1.4,1.6,2.2
0.000408,0.00561963731,41.0167404,1.4,1.6,2.2
0.000409433119,0.00564000912,168.104098,1.4,1.6,5.9248255
0.000410432455,0.00565020961,470.100958,1.4,1.6,7.0808844
0.000411,0.00567063952,677.756594,1.4,1.6,2.24311274
0.000411,0.00568086882,554.594783,1.4,1.6,2.3
0.000411,0.00569110763,422.90718,1.4,1.64297995,8.10229368
0.000410570864,0.00570135589,358.580548,1.4,1.7,10.0066695
0.000409571528,0.00571161355,418.198766,1.4,1.7,2.3
0.000408572192,0.00572188056,426.965578,1.4,1.7,2.34278077
0.000408,0.00573215686,293.625479,1.4,1.7,2.4
0.000406425152,0.00576304107,36.0194568,1.4,1.7,2.4
0.000407,0.00577335407,39.7236938,1.4,1.7,2.4
0.00040842316,0.00579400718,225.074815,1.4,1.7,2.4
0.000411,0.0058317531,573.172953,1.4,1.7,2.44205043
0.000413,0.00585092974,668.978216,1.4,1.8,2.54185125
0.000413417849,0.00585732857,673.414767,1.44178486,1.8,7.32168882
0.000413582815,0.00586373069,847.971997,1.5,1.8,9.2275322
0.000412583479,0.00587013609,905.052378,1.5,1.84165207,2.7
0.000412,0.00587654476,946.1745,1.5,1.9,2.7
0.000412,0.00588295668,838.001815,1.5,1.9,2.7
0.000412,0.00589579026,293.440946,1.5,1.9,2.74138649
0.000411586799,0.00590221189,239.75319,1.5,1.9,2.8
0.000410587463,0.00590863674,142.287742,1.5,1.9,2.8
0.000409588127,0.0059150648,62.7384748,1.5,1.9,2.8
0.000409,0.00592149604,48.0008873,1.5,1.9,2.8
0.000408589455,0.00592793048,68.6465335,1.5,1.9,2.8
0.000408,0.00593436808,127.51658,1.5,1.9,2.8
0.000408,0.00594080885,155.119881,1.5,1.9,2.8
0.000408407225,0.00596015003,299.268875,1.5,1.9,2.8
0.000409813123,0.00596660335,412.451705,1.5,1.9,2.8
0.000411405898,0.00597305979,416.233372,1.5,1.9,2.8
0.000412810467,0.00597951932,428.408871,1.5,1.9,2.8
0.000416403242,0.00599891644,309.462736,1.6,2,2.9
0.000415600742,0.00603779309,233.878425,1.6,2.03992582,3
0.000414,0.00605727209,70.4671848,1.63972664,2.1,3
0.000414,0.00606377106,34.9692029,1.7,2.1,3
0.000414,0.00607027298,74.1351144,1.7,2.1,3
0.000413604725,0.00607677787,123.997575,1.7,2.1,3
0.000413,0.0060832857,123.483578,1.7,2.1,3
0.000412,0.00611586871,387.068729,1.7,2.13912909,3.1
0.000411,0.00612892221,513.449384,1.7,2.2,3.1
0.000411,0.00613545328,557.247658,1.7,2.2,3.1
0.000411388635,0.0061419872,407.515096,1.7,2.2,3.13886351
0.000412387971,0.00614852398,325.486688,1.7,2.2,3.2
0.000413,0.00615735032,429.124114,1.7,2.2,3.2
0.000413386643,0.00616647058,509.732269,1.7,2.2,3.2
0.000414,0.00617559631,535.382768,1.7,2.2,3.2
0.000414385315,0.0061847275,442.433903,1.7,2.2,3.2
0.000415,0.00619386411,280.979705,1.7,2.2,3.2
0.000415,0.00620300613,210.865877,1.73839875,2.2,3.2
0.000415,0.00621215352,143.997154,1.8,2.2,3.2
0.000413618004,0.00623046436,73.5223645,1.8,2.23819957,3.23819957
0.000412618668,0.00623962776,100.081856,1.8,2.3,3.3
0.000412380668,0.00624879644,129.517871,1.8,2.3,3.3
0.000413380004,0.00625797039,139.889195,1.8,2.3,3.3
0.000414,0.00626714957,164.951925,1.8,2.3,3.3
0.000413,0.00628552356,193.063664,1.8,2.3,3.3
0.000413,0.00629471833,105.88784,1.8,2.3,3.3
0.000413376684,0.00630391824,99.6566202,1.8,2.3,3.3
0.00041362398,0.00631312328,70.2502659,1.8,2.3,3.3
0.000412,0.00650497438,298.286343,1.9,2.3,3.2
0.000412,0.00649517948,227.898971,1.9,2.3,3.2
0.000412,0.00648538976,140.290513,1.9,2.3,3.2
0.000409656513,0.00644628328,12.7805008,1.9,2.3,3.2
0.000409342823,0.00643651987,26.7691488,1.9,2.3,3.2
0.00041,0.0064267618,85.2963949,1.9,2.26578409,3.2
0.000410659169,0.00640726176,138.14885,1.9,2.2,3.2
0.000409,0.00633918329,37.1944155,1.9,2.2,3.1
0.000409334856,0.00631978217,91.132779,1.9,2.2,3.1
0.00041,0.00631009005,86.6657422,1.9,2.2,3.1
0.000410667056,0.00630040359,106.379536,1.9,2.2,3.1
0.0004123322,0.00628104777,139.007324,1.9,2.2,3.1
0.000413,0.00626171491,125.950855,1.9,2.2,3.1
0.000414,0.00624240522,105.022712,1.9,2.2,3.1
0.000411672448,0.00621348462,148.576172,1.9,2.2,3.1
0.000411,0.00620385624,79.1910138,1.9,2.2,3.1
0.000409674439,0.00618461738,17.0315868,1.9,2.2,3.1
0.000409324233,0.00616540258,96.5095499,1.9,2.2,3.1
0.000410323569,0.00615580427,196.976946,1.9,2.2,3.1
0.000411,0.00614621206,372.545118,1.9,2.2,3.1
0.000411,0.00613662597,455.752632,1.9,2.2,3.13222409
0.000411,0.00612704604,534.531139,1.9,2.2,3.2
0.000411,0.006338633,529.426763,1.9,2.3,3.3
0.000410684399,0.00640169973,254.526038,1.9,2.3,3.3
0.000410314274,0.00646499457,34.3241021,1.9,2.3,3.3
0.00041068639,0.00649672544,10.8235496,1.9,2.3,3.26863904
0.00041,0.00656035008,4.24936266,1.9,2.2,3.2
0.000411,0.00672032573,355.781785,1.9,2.2,3.2
0.000413,0.00691391635,324.248172,1.9,2.23049784,3.23049784
0.000414,0.00717455083,169.644034,1.9,2.3,3.3
0.000414,0.00720731846,211.199268,1.9,2.3,3.3
0.000413701661,0.00724012604,271.814938,1.9,2.3,3.3
0.000413,0.00727297305,316.400238,1.9,2.3,3.3
0.00041871162,0.00773668775,338.506647,2,2.5,3.6
0.000418,0.00773512642,391.324449,2,2.5,3.6
0.000418286388,0.00771325284,307.847829,2,2.5,3.7
0.00041671494,0.00769139328,468.987841,2,2.6,11.7386942
0.000416,0.00768046879,699.552037,4.36048793,2.6,23.9084686
0.000416,0.00766954786,856.752949,7.9450228,2.6,3.82837322
0.000415279085,0.00759320203,373.536278,2.1,2.7,4
0.000417,0.00757142177,142.657897,2.1,2.7,4
0.000416722907,0.00756053719,138.597709,2.1,2.7,4
0.000415723571,0.00754965634,156.596409,2.1,2.72764288,4
0.000415,0.00753877922,219.158627,2.1,2.8,4
0.000415274437,0.00751703627,262.891482,2.1274437,2.8,4
0.000419,0.00744105611,438.81085,2.2,2.82697894,4.1
0.000419,0.00743021729,462.172862,2.2,2.9,4.12691255
0.000419268462,0.00741938238,370.213902,2.2,2.9,4.2
0.000422594834,0.00737608233,284.762672,2.3,2.92658057,4.3
0.000426469716,0.0073652673,289.633361,2.3,3,4.3
0.000418,0.00734364933,478.1053,2.3,3,4.3
0.000416258502,0.00725734137,258.996863,2.32585024,3,4.4
0.000419513021,0.00722504482,1250.53775,2.4,3.1,4.5
0.000421511693,0.00721428781,1146.87689,2.4,3.1,4.52558466
0.000423510365,0.00720353509,1063.25261,2.4,3.12551827,4.6
0.000425509037,0.00720892446,1007.6892,2.4,3.2,4.62545187
0.000426746809,0.00723018821,630.796565,2.5,3.2,4.7
0.000425747473,0.00724082633,362.755273,2.5,3.22525269,4.7
0.000424748137,0.00725146859,179.479685,2.5,3.3,4.7251863
0.00042149893,0.00727276547,121.616258,2.5,3.3,4.8
0.00042,0.00729407868,94.7491068,2.5,3.3,4.8
0.000419751457,0.00730474137,95.9949034,2.5,3.3,4.8
0.000419247879,0.00731540809,111.490254,2.52478793,3.3,4.8
0.00042,0.00732607882,113.197256,2.6,3.32472154,4.8
0.000420510881,0.00736880156,180.651813,2.6,3.4,4.9
0.000418513537,0.00739018656,183.380032,2.6,3.4,4.9
0.000417,0.00740088491,203.524781,2.6,3.4,4.9
0.000424237256,0.00748660988,487.944574,2.6,3.42372562,5
0.000424763408,0.00749734252,408.049924,2.62365923,3.5,5
0.000418534783,0.00756181615,170.496368,2.7,3.5,5
0.000417,0.00759410224,166.663807,2.7,3.5,5
0.000417,0.00760487146,141.046508,2.7,3.5,5
0.000417229289,0.00761564426,99.0663948,2.7,3.5,5
0.000418,0.00762642062,72.8640876,2.7,3.5,5
0.000419,0.00764798395,114.96309,2.7,3.5,5
0.000416775359,0.00769115265,477.337043,2.7,3.5,5
0.000416223313,0.00771275778,426.772787,2.7,3.5,5
0.000475622201,0.00773313371,284.392347,2.7,3.5,5
0.000418,0.00772724527,222.721437,2.7,3.5,5
0.000410520214,0.00772135783,286.286424,2.7,3.5,5
0.000410100243,0.00771547141,346.212489,2.7,3.5,5
0.000437477822,0.00770368196,466.609558,2.7,3.5,5
0.000416768291,0.00767419482,347.228226,2.7,3.5,5
0.000415766217,0.00766830049,451.741631,2.7,3.5,5
0.000414764143,0.00766240721,435.68917,2.7,3.5,5
0.000413,0.00764473361,136.09392,2.7,3.5,5
0.000413244152,0.00763884451,88.6947388,2.7,3.5,5
0.000414246226,0.00763295646,101.454492,2.7,3.5,5
0.000417250374,0.00762118352,188.865654,2.7,3.5,5
0.000416743404,0.00760353206,593.398927,2.7,3.5,5
0.00041625867,0.00759765037,521.5484,2.7,3.5,5
0.000417,0.00759176974,443.625729,2.7,3.5,5
0.000417,0.00758589019,330.435617,2.7,3.5,5
0.000415733034,0.00757413431,224.844233,2.7,3.5,5
0.00047837631,0.00755063552,117.780415,2.7,3.5,5
0.000482832008,0.00754476354,123.039064,2.7,3.5,5
0.000465720718,0.00753889265,166.166767,2.7,3.5,5
0.000416,0.00753302285,223.998314,2.7,3.5,5
0.000435281932,0.00752715415,233.678737,2.7,3.5,5
0.000412708146,0.00750369037,104.565883,2.6,3.4,4.9
0.000411706072,0.00749782719,81.247468,2.6,3.4,4.9
0.000410703998,0.00749196512,41.8379486,2.6,3.4,4.87039984
0.00041030015,0.00748024433,197.479593,2.6,3.4,4.8
0.000411,0.00747438562,420.110983,2.6,3.4,4.8
0.000411304297,0.00746852803,637.544332,2.6,3.36957025,4.8
0.000412308445,0.00745681622,359.135007,2.6,3.3,4.8
0.000461645925,0.00727899995,211.230992,2.5,3.2,4.6
0.000447774532,0.00725794806,90.8082132,2.5,3.2,4.6
0.000413333333,0.00723691222,62.2866644,2.5,3.2,4.6
0.000414,0.0071529323,107.548552,2.5,3.2,4.5
0.000400251888,0.00713197889,105.844884,2.5,3.16562972,4.5
0.000387485293,0.00711104241,108.617722,2.5,3.1,4.5
0.000413,0.00704833601,561.13795,2.5,3.1,4.5
0.000414,0.00694417815,639.510242,2.5,3.13623685,4.6
0.000414,0.00692340093,519.163781,2.5,3.2,4.6
0.000413262819,0.00688190216,188.267575,2.5,3.2,22.2163288
0.000412,0.00686118095,137.549418,2.46293357,3.2,4.6
0.000411374812,0.00681979572,135.169342,2.4,3.1,4.5
0.000432245161,0.00667556656,36.9151264,2.4,3.1,4.4
0.000444038397,0.00665504345,71.0812813,2.4,3.1,4.4
0.000435428243,0.00663454118,126.672574,2.4,3.1,4.4
0.000471582208,0.00661405992,175.140445,2.4,3.1,4.4
0.000439311749,0.00655274427,190.544192,2.4,3,4.4
0.000451557591,0.00653234909,156.86457,2.4,3,4.4
0.000414,0.00651197593,129.335739,2.4,3,4.35940783
0.000414,0.00649162501,101.783328,2.4,3,4.3
0.00041358993,0.00647129653,81.5535403,2.4,3,4.3
0.000412587856,0.0064509907,88.289184,2.4,3,4.3
0.000412414218,0.00643070775,151.097449,2.4,3,4.3
0.000412583708,0.00641044787,205.637406,2.4,3,4.3
0.000429571352,0.00640894915,161.641134,2.35816345,3,4.3
0.000411,0.00640979381,11.3792362,2.3,3,4.2
0.000410571265,0.00641000499,43.7440655,2.3,3,4.2
0.000411432883,0.00641042734,111.75119,2.3,2.9,4.2
0.000412,0.00641063852,78.176389,2.3,2.9,4.2
0.000412437031,0.0064108497,81.0948994,2.3,2.9,4.2
0.000413439105,0.00641106089,115.616931,2.3,2.9,4.2
0.000417447401,0.00641190565,509.131074,2.3,2.9,4.2
0.000416,0.00641253925,408.701484,2.3,3,4.3
0.000416,0.00641275046,316.905494,2.3,3,4.3
0.000415542229,0.00641296167,242.194341,2.3,3,4.3
0.000413533933,0.00641380653,131.516026,2.3,3,4.3
0.000413,0.00641401775,176.599002,2.3,3,4.3
0.000412944577,0.0064144402,273.686964,2.3,3,4.3
0.000413523563,0.00641486265,245.750206,2.3,3,4.3
0.000413,0.00641507389,253.14107,2.3,3,4.3
0.000413,0.0064157076,753.700909,2.3,3,4.3
0.000413,0.00641591885,933.301683,2.3,3,4.3
0.000415,0.00641634134,1075.56608,2.3,3,4.3
0.000415493028,0.00641655259,762.392208,2.3,3,4.3
0.000416495102,0.00641676385,467.064696,2.3,3,4.3
0.000418,0.00641718636,198.897207,2.3,3,4.4
0.000418,0.00641739762,225.999018,2.3,3,4.4
0.000418,0.00641760889,279.617321,2.3,3,4.4
0.000417494528,0.00641782015,348.495183,2.3,3,4.4
0.000417,0.00641803142,351.131807,2.3,3,4.4
0.000417,0.00641845397,285.437709,2.3,3.1,4.4
0.000415972464,0.00641866524,217.459206,2.3,3.1,4.4
0.000414,0.00644877308,156.906402,2.3,3.1,4.4
0.000413473788,0.00646338451,212.152859,2.3,3.1,4.4
0.000413,0.00647800772,222.495251,2.3,3.1,4.4
0.000414064867,0.00650728917,98.7850522,2.3,3.1,4.4
0.000416069015,0.00652194725,96.4000964,2.3,3.1,4.4
0.000418,0.00655129773,178.330193,2.3,3.1,4.4
0.000418,0.00658069345,273.009887,2.3,3.1,4.45428034
0.000418453049,0.00661013382,214.182635,2.4,3.1,4.5
0.000418549025,0.00662487056,156.229848,2.4,3.1,4.5
0.000419551099,0.00663961823,110.166351,2.4,3.1,4.5
0.000419444753,0.00666914612,242.604871,2.4,3.1,4.5
0.000418442679,0.00668392618,514.242015,2.4,3.1,4.5
0.000411428161,0.00678768096,349.508061,2.5,3.2,4.6
0.000409852174,0.00680254429,126.902474,2.5,3.2,4.6
0.000409,0.00683230121,13.1709412,2.5,3.14219392,4.5
0.000415,0.0069367612,344.673309,2.5,3.1,4.5
0.000415594653,0.00695172267,457.752202,2.5,3.1,4.5
0.000416,0.00696669361,624.236175,2.5,3.1,19.8955429
0.000416,0.00698167412,758.471264,2.5,3.1,14.8506496
0.000416,0.00699666382,760.548894,2.5,3.1,4.5
0.00041660296,0.00701166279,710.425689,2.5,3.1,4.560296
0.000418210068,0.007026671,640.987557,2.5,3.1,4.6
0.00042,0.00707175039,916.196569,2.5,11.5130791,11.6973953
0.00041938667,0.00708679491,1301.29933,2.5,8.45871497,4.76133298
0.000419,0.00710184837,1402.23118,2.5,3.2,4.8
0.000418619552,0.00713198188,1171.63065,2.5,3.26195517,4.8
0.0004163763,0.00716189973,861.576643,2.5,3.3,4.86236996
0.000415374226,0.00717496564,539.195083,2.5,3.3,14.3491809
0.000410740157,0.00720111677,85.3796348,2.5,3.3,4.9
0.000409,0.00725349531,93.6990124,2.5,3.2,4.8
0.000409640291,0.00726660564,50.8762067,2.5,3.2,4.8
0.000411644439,0.00729284489,93.1015289,2.5,3.2,4.73555607
0.000415297174,0.00731910872,185.523328,2.5,3.2,4.7
0.000418654809,0.00735854994,472.551964,2.5,3.2,4.8
0.000419,0.00738487405,435.847216,2.5,3.2,4.8
0.000419661031,0.00739804499,348.773542,2.5,3.2,4.8
0.00042132621,0.00741122181,266.232982,2.5,3.2,4.8
0.000419330673,0.00745078728,154.185827,2.5,3.3,4.8
0.000418326525,0.00747719311,124.878589,2.5,3.3,4.8
0.000418675549,0.00749040459,142.670097,2.5,3.3,4.8
0.000417644755,0.00750362174,174.887577,2.5,3.3,4.8
0.000417,0.00751684453,200.228624,2.5,3.3,4.8
0.000415636459,0.00753007292,226.507712,2.5,3.3,4.8
0.000453979141,0.0075433069,287.592773,2.5,3.3,4.8
0.000430158969,0.00755654643,416.831059,2.5,3.3,4.8
0.000420885602,0.00764937613,50.7044162,2.5,3.2,4.7
0.000411,0.00766265903,45.2099855,2.5,3.2,4.7
0.000413708732,0.0077025394,146.457341,2.5,3.2,4.6
0.00041571288,0.00772915243,155.779893,2.5,3.2,4.6
0.000416,0.00774246669,146.394336,2.5,3.2,4.6
0.000416717028,0.00775578609,132.463478,2.5,3.2,4.6
0.000418438204,0.0077691106,136.633718,2.5,3.2,4.6
0.000421,0.0078091145,273.066667,2.5,3.2,4.6
0.00041926638,0.00781616043,204.968742,2.5,3.2,4.7
0.000417528613,0.00781514726,191.907987,2.5,3.2,4.7
0.000470119271,0.00781413412,189.24776,2.5,3.2,4.7
0.000433511879,0.00781312102,139.993287,2.5,3.2,4.7
0.00041125601,0.00781109489,73.4558153,2.5,3.2,4.7
0.000437112223,0.00781008186,92.4057018,2.5,3.2,4.7
0.000419067051,0.00780906887,138.368619,2.5,3.2,4.62518625
0.00041,0.00780805591,225.920907,2.5,3.2,4.6
0.000420742667,0.00780501719,202.876267,2.5,3.2,4.6
0.000411758507,0.00780400434,155.064829,2.5,3.2,4.52414927
0.000412760581,0.00780299152,115.04833,2.5,3.2,4.5
0.000415764729,0.00780096597,196.972304,2.5,3.2,4.5
0.000416766803,0.00779995323,259.26573,2.5,3.2,4.5
0.000417768877,0.00779894053,259.879916,2.5,3.2,4.5
0.000417643593,0.00779083994,296.717403,2.5,3.2,4.6
0.000481893449,0.00778881508,260.529784,2.5,3.2,4.6
0.000413,0.00778679034,245.262089,2.5,3.2,4.6
0.000442446031,0.00778577801,204.101448,2.5,3.2,4.6
0.000417285582,0.00778476572,172.009841,2.5,3.2,4.52020874
0.000409802061,0.00778274121,197.557006,2.5,3.2,4.5
0.000442165381,0.007781729,143.714301,2.5,3.2,4.5
0.000415443513,0.00777666838,255.304464,2.5,3.2,4.5
0.000420637305,0.00777464434,179.148511,2.5,3.2,4.5
0.000421820726,0.00777363236,143.474952,2.5,3.2,4.58207262
